[2025-02-06 21:58:11 : INFO] - Cache for multiple term taxonomy have been purged due to post terms update, triggered by action: set_object_terms 
[2025-02-06 21:58:11 : INFO] - Cache for URL: https://saridis.local/?p=9 has been purged, triggered by action: save_post 
[2025-02-06 21:58:11 : INFO] - Cache for all archives page associated with post_type: post and Title: "group_67311584a2061" have been purged, triggered by action: save_post 
[2025-02-06 21:58:14 : INFO] - Cache for multiple term taxonomy have been purged due to post terms update, triggered by action: set_object_terms 
[2025-02-06 21:58:14 : INFO] - Cache for URL: https://saridis.local/?p=13 has been purged, triggered by action: save_post 
[2025-02-06 21:58:14 : INFO] - Cache for all archives page associated with post_type: post and Title: "group_679735cf58b1c" have been purged, triggered by action: save_post 
[2025-02-06 21:58:18 : INFO] - Cache for multiple term taxonomy have been purged due to post terms update, triggered by action: set_object_terms 
[2025-02-06 21:58:18 : INFO] - Cache for URL: https://saridis.local/?p=18 has been purged, triggered by action: save_post 
[2025-02-06 21:58:18 : INFO] - Cache for all archives page associated with post_type: post and Title: "group_6731160e5e9a6" have been purged, triggered by action: save_post 
[2025-02-06 21:58:32 : INFO] - Cache for multiple term taxonomy have been purged due to post terms update, triggered by action: set_object_terms 
[2025-02-06 21:58:32 : INFO] - Cache for URL: https://saridis.local/?p=35 has been purged, triggered by action: save_post 
[2025-02-06 21:58:32 : INFO] - Cache for all archives page associated with post_type: post and Title: "group_6731225ca6b77" have been purged, triggered by action: save_post 
[2025-02-06 22:52:47 : INFO] - Cache for URL: https://saridis.local/?page_id=39 has been purged, triggered by action: save_post 
[2025-02-06 22:53:04 : INFO] - Cache for URL: https://saridis.local/privacy/ has been purged, triggered by action: save_post 
[2025-02-06 22:53:11 : INFO] - Cache for URL: https://saridis.local/?page_id=41 has been purged, triggered by action: save_post 
[2025-02-06 22:53:21 : INFO] - Cache for URL: https://saridis.local/glavnaya-stranicza/ has been purged, triggered by action: save_post 
[2025-02-06 22:53:34 : INFO] - Cache for homepage has been purged due to change in the Homepage displays options, triggered by action: update_option_page_on_front 
[2025-02-06 23:11:06 : INFO] - Cache for URL: https://saridis.local/?page_id=49 has been purged, triggered by action: save_post 
[2025-02-06 23:11:18 : INFO] - Cache for URL: https://saridis.local/contacts/ has been purged, triggered by action: save_post 
[2025-02-06 23:11:21 : INFO] - Cache for URL: https://saridis.local/?page_id=51 has been purged, triggered by action: save_post 
[2025-02-06 23:11:32 : INFO] - Cache for URL: https://saridis.local/news/ has been purged, triggered by action: save_post 
[2025-02-06 23:12:01 : INFO] - Cache for URL: https://saridis.local/?page_id=53 has been purged, triggered by action: save_post 
[2025-02-06 23:12:24 : INFO] - Cache for URL: https://saridis.local/about/ has been purged, triggered by action: save_post 
[2025-02-06 23:12:34 : INFO] - Cache for URL: https://saridis.local/?page_id=55 has been purged, triggered by action: save_post 
[2025-02-06 23:12:46 : INFO] - Cache for URL: https://saridis.local/how/ has been purged, triggered by action: save_post 
[2025-02-06 23:13:05 : INFO] - Cache for URL: https://saridis.local/?page_id=57 has been purged, triggered by action: save_post 
[2025-02-06 23:13:17 : INFO] - Cache for URL: https://saridis.local/catalog/ has been purged, triggered by action: save_post 
[2025-02-06 23:15:44 : INFO] - Cache for URL: https://saridis.local/?page_id=65 has been purged, triggered by action: save_post 
[2025-02-06 23:15:54 : INFO] - Cache for URL: https://saridis.local/delivery/ has been purged, triggered by action: save_post 
[2025-02-06 23:16:00 : INFO] - Cache for URL: https://saridis.local/?page_id=67 has been purged, triggered by action: save_post 
[2025-02-06 23:16:43 : INFO] - Cache for URL: https://saridis.local/recipes/ has been purged, triggered by action: save_post 
[2025-02-06 23:16:53 : INFO] - Cache for URL: https://saridis.local/?page_id=69 has been purged, triggered by action: save_post 
[2025-02-06 23:17:29 : INFO] - Cache for URL: https://saridis.local/wholesale/ has been purged, triggered by action: save_post 
[2025-02-09 22:08:00 : INFO] - Cache for URL: https://saridis.local/ has been purged, triggered by action: save_post 
[2025-02-09 22:08:47 : INFO] - Cache for URL: https://saridis.local/ has been purged, triggered by action: save_post 
[2025-02-09 22:44:19 : INFO] - Cache for URL: https://saridis.local/ has been purged, triggered by action: save_post 
[2025-02-09 23:11:49 : INFO] - Cache for URL: https://saridis.local/ has been purged, triggered by action: save_post 
[2025-02-09 23:17:28 : INFO] - Cache for URL: https://saridis.local/?post_type=recipes&p=117 has been purged, triggered by action: save_post 
[2025-02-09 23:18:05 : INFO] - Cache for URL: https://saridis.local/recipes/bugatsa-grecheskij-pirog-s-myasom/ has been purged, triggered by action: save_post 
[2025-02-09 23:18:11 : INFO] - Cache for URL: https://saridis.local/?post_type=recipes&p=122 has been purged, triggered by action: save_post 
[2025-02-09 23:18:29 : INFO] - Cache for URL: https://saridis.local/recipes/122/ has been purged, triggered by action: save_post 
[2025-02-09 23:18:41 : INFO] - Cache for URL: https://saridis.local/recipes/bugatsa-grecheskij-pirog-s-myasom-2/ has been purged, triggered by action: save_post 
[2025-02-09 23:18:45 : INFO] - Cache for URL: https://saridis.local/?post_type=recipes&p=123 has been purged, triggered by action: save_post 
[2025-02-09 23:18:59 : INFO] - Cache for URL: https://saridis.local/recipes/bugatsa-grecheskij-pirog-s-myasom-3/ has been purged, triggered by action: save_post 
[2025-02-09 23:19:02 : INFO] - Cache for URL: https://saridis.local/?post_type=recipes&p=124 has been purged, triggered by action: save_post 
[2025-02-09 23:19:18 : INFO] - Cache for URL: https://saridis.local/recipes/bugatsa-grecheskij-pirog-s-myasom-4/ has been purged, triggered by action: save_post 
[2025-02-09 23:50:13 : INFO] - Cache for URL: https://saridis.local/ has been purged, triggered by action: save_post 
[2025-02-11 00:02:18 : INFO] - Cache for URL: https://saridis.local/?post_type=catalog&p=135 has been purged, triggered by action: save_post 
[2025-02-11 01:02:01 : INFO] - Cache for URL: https://saridis.local/ has been purged, triggered by action: save_post 
[2025-02-11 01:25:25 : INFO] - Cache for URL: https://saridis.local/ has been purged, triggered by action: save_post 
[2025-02-11 01:28:51 : INFO] - Cache for URL: https://saridis.local/ has been purged, triggered by action: save_post 
[2025-02-11 04:15:04 : INFO] - Cache for URL: https://saridis.local/recipes/ has been purged, triggered by action: save_post 
[2025-02-11 04:18:48 : INFO] - Cache for URL: https://saridis.local/contacts/ has been purged, triggered by action: save_post 
[2025-02-12 23:26:20 : INFO] - Cache for URL: https://saridis.local/about/ has been purged, triggered by action: save_post 
[2025-02-12 23:28:35 : INFO] - Cache for URL: https://saridis.local/about/ has been purged, triggered by action: save_post 
[2025-02-12 23:30:21 : INFO] - Cache for URL: https://saridis.local/about/ has been purged, triggered by action: save_post 
[2025-02-12 23:31:58 : INFO] - Cache for URL: https://saridis.local/about/ has been purged, triggered by action: save_post 
[2025-02-13 01:40:08 : INFO] - Cache for URL: https://saridis.local/recipes/bugatsa-grecheskij-pirog-s-myasom/ has been purged, triggered by action: save_post 
[2025-02-13 01:41:12 : INFO] - Cache for URL: https://saridis.local/recipes/bugatsa-grecheskij-pirog-s-myasom-4/ has been purged, triggered by action: save_post 
[2025-02-13 01:43:41 : INFO] - Cache for URL: https://saridis.local/recipes/bugatsa-grecheskij-pirog-s-myasom-4/ has been purged, triggered by action: save_post 
[2025-02-13 02:50:33 : INFO] - Cache for URL: https://saridis.local/recipes/bugatsa-grecheskij-pirog-s-myasom-4/ has been purged, triggered by action: save_post 
[2025-02-13 03:42:29 : INFO] - Cache for URL: https://saridis.local/recipes/bugatsa-grecheskij-pirog-s-myasom-4/ has been purged, triggered by action: save_post 
[2025-02-13 05:32:58 : INFO] - Cache for URL: https://saridis.local/?post_type=orders&p=227 has been purged, triggered by action: save_post 
[2025-02-13 05:42:14 : INFO] - Full Cache Purge triggered by: plugin activation/deactivation 
[2025-02-13 05:54:32 : INFO] - Cache for URL: https://saridis.local/?post_type=catalog&p=248 has been purged, triggered by action: save_post 
[2025-02-13 05:54:58 : INFO] - Cache for URL: https://saridis.local/?post_type=catalog&p=249 has been purged, triggered by action: save_post 
[2025-02-13 05:58:05 : INFO] - Cache for multiple term taxonomy have been purged due to post terms update, triggered by action: set_object_terms 
[2025-02-13 05:58:05 : INFO] - Cache for URL: https://saridis.local/catalog/latzimas-gold/ has been purged, triggered by action: save_post 
[2025-02-13 05:59:00 : INFO] - Cache for multiple term taxonomy have been purged due to post terms update, triggered by action: set_object_terms 
[2025-02-13 05:59:01 : INFO] - Cache for multiple term taxonomy have been purged due to post terms update, triggered by action: set_object_terms 
[2025-02-13 05:59:01 : INFO] - Cache for URL: https://saridis.local/catalog/latzimas-gold/ has been purged, triggered by action: save_post 
[2025-02-13 07:40:02 : INFO] - Cache for multiple term taxonomy have been purged due to post terms update, triggered by action: set_object_terms 
[2025-02-13 07:40:03 : INFO] - Cache for multiple term taxonomy have been purged due to post terms update, triggered by action: set_object_terms 
[2025-02-13 07:40:03 : INFO] - Cache for multiple term taxonomy have been purged due to post terms update, triggered by action: set_object_terms 
[2025-02-13 07:40:03 : INFO] - Cache for URL: https://saridis.local/catalog/latzimas-gold/ has been purged, triggered by action: save_post 
[2025-02-13 07:47:03 : INFO] - Cache for multiple term taxonomy have been purged due to post terms update, triggered by action: set_object_terms 
[2025-02-13 07:47:03 : INFO] - Cache for multiple term taxonomy have been purged due to post terms update, triggered by action: set_object_terms 
[2025-02-13 07:47:04 : INFO] - Cache for multiple term taxonomy have been purged due to post terms update, triggered by action: set_object_terms 
[2025-02-13 07:47:04 : INFO] - Cache for multiple term taxonomy have been purged due to post terms update, triggered by action: set_object_terms 
[2025-02-13 07:47:04 : INFO] - Cache for URL: https://saridis.local/catalog/latzimas-gold/ has been purged, triggered by action: save_post 
[2025-02-14 05:08:51 : INFO] - Cache for URL: https://saridis.local/?p=263 has been purged, triggered by action: save_post 
[2025-02-14 05:08:51 : INFO] - Cache for all archives page associated with post_type: post and Title: "Черновик" have been purged, triggered by action: save_post 
[2025-02-14 05:08:58 : INFO] - Cache for URL: https://saridis.local/?page_id=264 has been purged, triggered by action: save_post 
[2025-02-14 05:10:23 : INFO] - Cache for URL: https://saridis.local/lichnyj-kabinet/ has been purged, triggered by action: save_post 
[2025-02-14 05:10:39 : INFO] - Cache for URL: https://saridis.local/profile/ has been purged, triggered by action: save_post 
[2025-02-14 05:12:55 : INFO] - Cache for URL: https://saridis.local/?post_type=catalog&p=266 has been purged, triggered by action: save_post 
[2025-02-14 05:12:55 : INFO] - Cache for multiple term taxonomy have been purged due to post terms update, triggered by action: set_object_terms 
[2025-02-14 05:12:55 : INFO] - Cache for multiple term taxonomy have been purged due to post terms update, triggered by action: set_object_terms 
[2025-02-14 05:12:57 : INFO] - Cache for URL: https://saridis.local/?post_type=catalog&p=267 has been purged, triggered by action: save_post 
[2025-02-14 05:12:57 : INFO] - Cache for multiple term taxonomy have been purged due to post terms update, triggered by action: set_object_terms 
[2025-02-14 05:12:57 : INFO] - Cache for multiple term taxonomy have been purged due to post terms update, triggered by action: set_object_terms 
[2025-02-14 05:12:59 : INFO] - Cache for URL: https://saridis.local/?post_type=catalog&p=268 has been purged, triggered by action: save_post 
[2025-02-14 05:12:59 : INFO] - Cache for multiple term taxonomy have been purged due to post terms update, triggered by action: set_object_terms 
[2025-02-14 05:12:59 : INFO] - Cache for multiple term taxonomy have been purged due to post terms update, triggered by action: set_object_terms 
[2025-02-14 05:13:01 : INFO] - Cache for URL: https://saridis.local/?post_type=catalog&p=269 has been purged, triggered by action: save_post 
[2025-02-14 05:13:01 : INFO] - Cache for multiple term taxonomy have been purged due to post terms update, triggered by action: set_object_terms 
[2025-02-14 05:13:01 : INFO] - Cache for multiple term taxonomy have been purged due to post terms update, triggered by action: set_object_terms 
[2025-02-14 05:13:04 : INFO] - Cache for URL: https://saridis.local/?post_type=catalog&p=270 has been purged, triggered by action: save_post 
[2025-02-14 05:13:04 : INFO] - Cache for multiple term taxonomy have been purged due to post terms update, triggered by action: set_object_terms 
[2025-02-14 05:13:04 : INFO] - Cache for multiple term taxonomy have been purged due to post terms update, triggered by action: set_object_terms 
[2025-02-14 05:13:08 : INFO] - Cache for URL: https://saridis.local/?post_type=catalog&p=271 has been purged, triggered by action: save_post 
[2025-02-14 05:13:08 : INFO] - Cache for multiple term taxonomy have been purged due to post terms update, triggered by action: set_object_terms 
[2025-02-14 05:13:08 : INFO] - Cache for multiple term taxonomy have been purged due to post terms update, triggered by action: set_object_terms 
[2025-02-14 05:13:11 : INFO] - Cache for URL: https://saridis.local/?post_type=catalog&p=272 has been purged, triggered by action: save_post 
[2025-02-14 05:13:11 : INFO] - Cache for multiple term taxonomy have been purged due to post terms update, triggered by action: set_object_terms 
[2025-02-14 05:13:11 : INFO] - Cache for multiple term taxonomy have been purged due to post terms update, triggered by action: set_object_terms 
[2025-02-14 05:13:14 : INFO] - Cache for URL: https://saridis.local/?post_type=catalog&p=273 has been purged, triggered by action: save_post 
[2025-02-14 05:13:14 : INFO] - Cache for multiple term taxonomy have been purged due to post terms update, triggered by action: set_object_terms 
[2025-02-14 05:13:14 : INFO] - Cache for multiple term taxonomy have been purged due to post terms update, triggered by action: set_object_terms 
[2025-02-14 05:13:20 : INFO] - Cache for multiple term taxonomy have been purged due to post terms update, triggered by action: set_object_terms 
[2025-02-14 05:13:20 : INFO] - Cache for multiple term taxonomy have been purged due to post terms update, triggered by action: set_object_terms 
[2025-02-14 05:13:25 : INFO] - Cache for URL: https://saridis.local/catalog/latzimas-gold-2/ has been purged, triggered by action: save_post 
[2025-02-14 05:13:31 : INFO] - Cache for multiple term taxonomy have been purged due to post terms update, triggered by action: set_object_terms 
[2025-02-14 05:13:31 : INFO] - Cache for multiple term taxonomy have been purged due to post terms update, triggered by action: set_object_terms 
[2025-02-14 05:13:32 : INFO] - Cache for URL: https://saridis.local/catalog/latzimas-gold-3/ has been purged, triggered by action: save_post 
[2025-02-14 05:13:37 : INFO] - Cache for multiple term taxonomy have been purged due to post terms update, triggered by action: set_object_terms 
[2025-02-14 05:13:37 : INFO] - Cache for multiple term taxonomy have been purged due to post terms update, triggered by action: set_object_terms 
[2025-02-14 05:13:38 : INFO] - Cache for URL: https://saridis.local/catalog/latzimas-gold-4/ has been purged, triggered by action: save_post 
[2025-02-14 05:13:42 : INFO] - Cache for multiple term taxonomy have been purged due to post terms update, triggered by action: set_object_terms 
[2025-02-14 05:13:42 : INFO] - Cache for multiple term taxonomy have been purged due to post terms update, triggered by action: set_object_terms 
[2025-02-14 05:13:43 : INFO] - Cache for URL: https://saridis.local/catalog/latzimas-gold-5/ has been purged, triggered by action: save_post 
[2025-02-14 05:13:47 : INFO] - Cache for multiple term taxonomy have been purged due to post terms update, triggered by action: set_object_terms 
[2025-02-14 05:13:47 : INFO] - Cache for multiple term taxonomy have been purged due to post terms update, triggered by action: set_object_terms 
[2025-02-14 05:13:48 : INFO] - Cache for URL: https://saridis.local/catalog/latzimas-gold-6/ has been purged, triggered by action: save_post 
[2025-02-14 05:13:52 : INFO] - Cache for multiple term taxonomy have been purged due to post terms update, triggered by action: set_object_terms 
[2025-02-14 05:13:52 : INFO] - Cache for multiple term taxonomy have been purged due to post terms update, triggered by action: set_object_terms 
[2025-02-14 05:13:53 : INFO] - Cache for URL: https://saridis.local/catalog/latzimas-gold-7/ has been purged, triggered by action: save_post 
[2025-02-14 05:13:57 : INFO] - Cache for multiple term taxonomy have been purged due to post terms update, triggered by action: set_object_terms 
[2025-02-14 05:13:57 : INFO] - Cache for multiple term taxonomy have been purged due to post terms update, triggered by action: set_object_terms 
[2025-02-14 05:13:58 : INFO] - Cache for URL: https://saridis.local/catalog/latzimas-gold-8/ has been purged, triggered by action: save_post 
[2025-02-14 05:14:02 : INFO] - Cache for multiple term taxonomy have been purged due to post terms update, triggered by action: set_object_terms 
[2025-02-14 05:14:02 : INFO] - Cache for multiple term taxonomy have been purged due to post terms update, triggered by action: set_object_terms 
[2025-02-14 05:14:03 : INFO] - Cache for URL: https://saridis.local/catalog/latzimas-gold-9/ has been purged, triggered by action: save_post 
[2025-02-14 08:31:53 : INFO] - Cache for URL: https://saridis.local/catalog/ has been purged, triggered by action: save_post 
[2025-02-16 14:52:53 : INFO] - Cache for multiple term taxonomy have been purged due to post terms update, triggered by action: set_object_terms 
[2025-02-16 14:52:53 : INFO] - Cache for multiple term taxonomy have been purged due to post terms update, triggered by action: set_object_terms 
[2025-02-16 14:52:54 : INFO] - Cache for multiple term taxonomy have been purged due to post terms update, triggered by action: set_object_terms 
[2025-02-16 14:52:54 : INFO] - Cache for multiple term taxonomy have been purged due to post terms update, triggered by action: set_object_terms 
[2025-02-16 14:52:54 : INFO] - Cache for URL: https://saridis.local/catalog/latzimas-gold-9/ has been purged, triggered by action: save_post 
[2025-02-16 14:53:17 : INFO] - Cache for multiple term taxonomy have been purged due to post terms update, triggered by action: set_object_terms 
[2025-02-16 14:53:17 : INFO] - Cache for multiple term taxonomy have been purged due to post terms update, triggered by action: set_object_terms 
[2025-02-16 14:53:17 : INFO] - Cache for multiple term taxonomy have been purged due to post terms update, triggered by action: set_object_terms 
[2025-02-16 14:53:17 : INFO] - Cache for multiple term taxonomy have been purged due to post terms update, triggered by action: set_object_terms 
[2025-02-16 14:53:17 : INFO] - Cache for URL: https://saridis.local/catalog/latzimas-gold-8/ has been purged, triggered by action: save_post 
[2025-02-16 14:53:26 : INFO] - Cache for multiple term taxonomy have been purged due to post terms update, triggered by action: set_object_terms 
[2025-02-16 14:53:26 : INFO] - Cache for multiple term taxonomy have been purged due to post terms update, triggered by action: set_object_terms 
[2025-02-16 14:53:26 : INFO] - Cache for multiple term taxonomy have been purged due to post terms update, triggered by action: set_object_terms 
[2025-02-16 14:53:26 : INFO] - Cache for multiple term taxonomy have been purged due to post terms update, triggered by action: set_object_terms 
[2025-02-16 14:53:26 : INFO] - Cache for URL: https://saridis.local/catalog/latzimas-gold-7/ has been purged, triggered by action: save_post 
[2025-02-16 14:53:34 : INFO] - Cache for multiple term taxonomy have been purged due to post terms update, triggered by action: set_object_terms 
[2025-02-16 14:53:34 : INFO] - Cache for multiple term taxonomy have been purged due to post terms update, triggered by action: set_object_terms 
[2025-02-16 14:53:35 : INFO] - Cache for multiple term taxonomy have been purged due to post terms update, triggered by action: set_object_terms 
[2025-02-16 14:53:35 : INFO] - Cache for multiple term taxonomy have been purged due to post terms update, triggered by action: set_object_terms 
[2025-02-16 14:53:35 : INFO] - Cache for URL: https://saridis.local/catalog/latzimas-gold-6/ has been purged, triggered by action: save_post 
[2025-02-16 14:53:47 : INFO] - Cache for multiple term taxonomy have been purged due to post terms update, triggered by action: set_object_terms 
[2025-02-16 14:53:47 : INFO] - Cache for multiple term taxonomy have been purged due to post terms update, triggered by action: set_object_terms 
[2025-02-16 14:53:48 : INFO] - Cache for multiple term taxonomy have been purged due to post terms update, triggered by action: set_object_terms 
[2025-02-16 14:53:48 : INFO] - Cache for multiple term taxonomy have been purged due to post terms update, triggered by action: set_object_terms 
[2025-02-16 14:53:48 : INFO] - Cache for URL: https://saridis.local/catalog/latzimas-gold-5/ has been purged, triggered by action: save_post 
[2025-02-16 14:53:55 : INFO] - Cache for multiple term taxonomy have been purged due to post terms update, triggered by action: set_object_terms 
[2025-02-16 14:53:55 : INFO] - Cache for multiple term taxonomy have been purged due to post terms update, triggered by action: set_object_terms 
[2025-02-16 14:53:56 : INFO] - Cache for multiple term taxonomy have been purged due to post terms update, triggered by action: set_object_terms 
[2025-02-16 14:53:56 : INFO] - Cache for multiple term taxonomy have been purged due to post terms update, triggered by action: set_object_terms 
[2025-02-16 14:53:56 : INFO] - Cache for URL: https://saridis.local/catalog/latzimas-gold-4/ has been purged, triggered by action: save_post 
[2025-02-17 00:10:36 : INFO] - Cache for URL: https://saridis.local/feedback/7-232-323-23/ has been purged, triggered by action: save_post 
[2025-02-17 00:12:57 : INFO] - Cache for URL: https://saridis.local/feedback/7-232-323-23/ has been purged, triggered by action: wp_trash_post 
[2025-02-17 00:12:57 : INFO] - Cache for URL: https://saridis.local/?post_type=feedback&p=288 has been purged, triggered by action: save_post 
[2025-02-17 00:20:08 : INFO] - Cache for URL: https://saridis.local/registers/testtest-ru/ has been purged, triggered by action: save_post 
[2025-02-17 00:49:09 : INFO] - Cache for URL: https://saridis.local/?post_type=orders&p=304 has been purged, triggered by action: save_post 
[2025-02-17 03:26:53 : INFO] - Cache for URL: https://saridis.local/?page_id=305 has been purged, triggered by action: save_post 
[2025-02-17 03:27:53 : INFO] - Cache for URL: https://saridis.local/?page_id=306 has been purged, triggered by action: save_post 
[2025-02-17 03:28:07 : INFO] - Cache for URL: https://saridis.local/cart/ has been purged, triggered by action: save_post 
[2025-02-17 05:35:56 : INFO] - Cache for URL: https://saridis.local/?post_type=orders&p=308 has been purged, triggered by action: save_post 
[2025-02-17 05:36:21 : INFO] - Cache for URL: https://saridis.local/?post_type=orders&p=309 has been purged, triggered by action: save_post 
[2025-02-17 05:36:39 : INFO] - Cache for URL: https://saridis.local/?post_type=orders&p=310 has been purged, triggered by action: save_post 
[2025-02-17 05:37:06 : INFO] - Cache for URL: https://saridis.local/?post_type=orders&p=311 has been purged, triggered by action: save_post 
[2025-02-17 05:37:19 : INFO] - Cache for URL: https://saridis.local/orders/test/ has been purged, triggered by action: save_post 
[2025-02-17 05:39:02 : INFO] - Cache for URL: https://saridis.local/orders/test/ has been purged, triggered by action: wp_trash_post 
[2025-02-17 05:39:03 : INFO] - Cache for URL: https://saridis.local/?post_type=orders&p=311 has been purged, triggered by action: save_post 
[2025-02-17 05:39:03 : INFO] - Cache for URL: https://saridis.local/?post_type=orders&p=310 has been purged, triggered by action: wp_trash_post 
[2025-02-17 05:39:03 : INFO] - Cache for URL: https://saridis.local/?post_type=orders&p=310 has been purged, triggered by action: save_post 
[2025-02-17 05:39:03 : INFO] - Cache for URL: https://saridis.local/?post_type=orders&p=308 has been purged, triggered by action: wp_trash_post 
[2025-02-17 05:39:03 : INFO] - Cache for URL: https://saridis.local/?post_type=orders&p=308 has been purged, triggered by action: save_post 
[2025-02-17 05:54:09 : INFO] - Cache for URL: https://saridis.local/orders/efr3m0vdenyandex-ru/ has been purged, triggered by action: save_post 
[2025-02-17 05:55:10 : INFO] - Cache for URL: https://saridis.local/orders/efr3m0vdenyandex-ru-2/ has been purged, triggered by action: save_post 
[2025-02-17 05:56:03 : INFO] - Cache for URL: https://saridis.local/orders/efr3m0vdenyandex-ru-3/ has been purged, triggered by action: save_post 
[2025-02-17 05:57:27 : INFO] - Cache for URL: https://saridis.local/orders/efr3m0vdenyandex-ru-4/ has been purged, triggered by action: save_post 
[2025-02-17 06:00:10 : INFO] - Cache for URL: https://saridis.local/orders/efr3m0vdenyandex-ru-4/ has been purged, triggered by action: save_post 
[2025-02-17 06:00:18 : INFO] - Cache for URL: https://saridis.local/orders/efr3m0vdenyandex-ru-3/ has been purged, triggered by action: save_post 
[2025-02-17 06:00:28 : INFO] - Cache for URL: https://saridis.local/orders/efr3m0vdenyandex-ru-2/ has been purged, triggered by action: save_post 
[2025-02-17 06:15:39 : INFO] - Cache for URL: https://saridis.local/orders/efr3m0vdenyandex-ru/ has been purged, triggered by action: save_post 
[2025-02-17 06:15:42 : INFO] - Cache for URL: https://saridis.local/orders/efr3m0vdenyandex-ru/ has been purged, triggered by action: save_post 
[2025-02-17 06:22:34 : INFO] - Cache for URL: https://saridis.local/orders/efr3m0vdenyandex-ru-4/ has been purged, triggered by action: wp_trash_post 
[2025-02-17 06:22:35 : INFO] - Cache for URL: https://saridis.local/?post_type=orders&p=315 has been purged, triggered by action: save_post 
[2025-02-17 06:22:35 : INFO] - Cache for URL: https://saridis.local/orders/efr3m0vdenyandex-ru-3/ has been purged, triggered by action: wp_trash_post 
[2025-02-17 06:22:36 : INFO] - Cache for URL: https://saridis.local/?post_type=orders&p=314 has been purged, triggered by action: save_post 
[2025-02-17 06:22:36 : INFO] - Cache for URL: https://saridis.local/orders/efr3m0vdenyandex-ru-2/ has been purged, triggered by action: wp_trash_post 
[2025-02-17 06:22:36 : INFO] - Cache for URL: https://saridis.local/?post_type=orders&p=313 has been purged, triggered by action: save_post 
[2025-02-17 06:22:36 : INFO] - Cache for URL: https://saridis.local/orders/efr3m0vdenyandex-ru/ has been purged, triggered by action: wp_trash_post 
[2025-02-17 06:22:37 : INFO] - Cache for URL: https://saridis.local/?post_type=orders&p=312 has been purged, triggered by action: save_post 
[2025-02-17 06:23:56 : INFO] - Cache for URL: https://saridis.local/orders/efr3m0vdenyandex-ru/ has been purged, triggered by action: save_post 
[2025-02-17 06:24:14 : INFO] - Cache for URL: https://saridis.local/?post_type=orders&p=318 has been purged, triggered by action: save_post 
[2025-02-17 06:24:18 : INFO] - Cache for URL: https://saridis.local/?post_type=orders&p=319 has been purged, triggered by action: save_post 
[2025-02-17 06:24:47 : INFO] - Cache for URL: https://saridis.local/?post_type=orders&p=320 has been purged, triggered by action: save_post 
[2025-02-17 06:24:55 : INFO] - Cache for URL: https://saridis.local/orders/efr3m0vdenyandex-ru-2/ has been purged, triggered by action: save_post 
[2025-02-17 06:25:06 : INFO] - Cache for URL: https://saridis.local/orders/efr3m0vdenyandex-ru-3/ has been purged, triggered by action: save_post 
[2025-02-17 06:25:14 : INFO] - Cache for URL: https://saridis.local/orders/efr3m0vdenyandex-ru-4/ has been purged, triggered by action: save_post 
[2025-02-17 10:39:57 : INFO] - Cache for URL: https://saridis.local/about/ has been purged, triggered by action: save_post 
[2025-02-21 00:59:52 : INFO] - Cache for URL: https://saridis.local/orders/efr3m0vdenyandex-ru-4/ has been purged, triggered by action: wp_trash_post 
[2025-02-21 00:59:53 : INFO] - Cache for URL: https://saridis.local/?post_type=orders&p=318 has been purged, triggered by action: save_post 
[2025-02-21 00:59:53 : INFO] - Cache for URL: https://saridis.local/orders/efr3m0vdenyandex-ru-3/ has been purged, triggered by action: wp_trash_post 
[2025-02-21 00:59:53 : INFO] - Cache for URL: https://saridis.local/?post_type=orders&p=319 has been purged, triggered by action: save_post 
[2025-02-21 00:59:53 : INFO] - Cache for URL: https://saridis.local/orders/efr3m0vdenyandex-ru-2/ has been purged, triggered by action: wp_trash_post 
[2025-02-21 00:59:54 : INFO] - Cache for URL: https://saridis.local/?post_type=orders&p=320 has been purged, triggered by action: save_post 
[2025-02-21 00:59:54 : INFO] - Cache for URL: https://saridis.local/orders/efr3m0vdenyandex-ru/ has been purged, triggered by action: wp_trash_post 
[2025-02-21 00:59:54 : INFO] - Cache for URL: https://saridis.local/?post_type=orders&p=317 has been purged, triggered by action: save_post 
[2025-02-21 01:00:04 : INFO] - Cache for URL: https://saridis.local/registers/testtest-ru/ has been purged, triggered by action: wp_trash_post 
[2025-02-21 01:00:04 : INFO] - Cache for URL: https://saridis.local/?post_type=registers&p=295 has been purged, triggered by action: save_post 
[2025-02-21 01:54:22 : INFO] - Cache for URL: https://saridis.local/delivery/ has been purged, triggered by action: save_post 
[2025-02-21 01:55:17 : INFO] - Cache for URL: https://saridis.local/delivery/ has been purged, triggered by action: save_post 
[2025-02-21 07:49:02 : INFO] - Cache for URL: https://saridis.local/wholesale/ has been purged, triggered by action: save_post 
[2025-02-21 07:51:49 : INFO] - Cache for URL: https://saridis.local/wholesale/ has been purged, triggered by action: save_post 
[2025-02-21 15:42:02 : INFO] - Cache for URL: https://saridis.local/wholesale/ has been purged, triggered by action: save_post 
[2025-02-21 15:42:27 : INFO] - Cache for URL: https://saridis.local/wholesale/ has been purged, triggered by action: save_post 
[2025-02-22 05:08:11 : INFO] - Cache for multiple term taxonomy have been purged due to post terms update, triggered by action: set_object_terms 
[2025-02-22 05:08:11 : INFO] - Cache for multiple term taxonomy have been purged due to post terms update, triggered by action: set_object_terms 
[2025-02-22 05:08:12 : INFO] - Cache for URL: https://saridis.local/catalog/koricza-gold-palochki/ has been purged, triggered by action: save_post 
[2025-02-22 05:08:12 : INFO] - Cache for multiple term taxonomy have been purged due to post terms update, triggered by action: set_object_terms 
[2025-02-22 05:08:12 : INFO] - Cache for multiple term taxonomy have been purged due to post terms update, triggered by action: set_object_terms 
[2025-02-22 05:08:13 : INFO] - Cache for URL: https://saridis.local/catalog/priprava-oregano-hlopya/ has been purged, triggered by action: save_post 
[2025-02-22 05:08:13 : INFO] - Cache for multiple term taxonomy have been purged due to post terms update, triggered by action: set_object_terms 
[2025-02-22 05:08:13 : INFO] - Cache for multiple term taxonomy have been purged due to post terms update, triggered by action: set_object_terms 
[2025-02-22 05:08:13 : INFO] - Cache for URL: https://saridis.local/catalog/priprava-kurkuma-molotaya/ has been purged, triggered by action: save_post 
[2025-02-22 05:08:13 : INFO] - Cache for multiple term taxonomy have been purged due to post terms update, triggered by action: set_object_terms 
[2025-02-22 05:08:13 : INFO] - Cache for multiple term taxonomy have been purged due to post terms update, triggered by action: set_object_terms 
[2025-02-22 05:08:14 : INFO] - Cache for URL: https://saridis.local/catalog/priprava-timyan-chebrecz-hlopya/ has been purged, triggered by action: save_post 
[2025-02-22 05:08:14 : INFO] - Cache for multiple term taxonomy have been purged due to post terms update, triggered by action: set_object_terms 
[2025-02-22 05:08:14 : INFO] - Cache for multiple term taxonomy have been purged due to post terms update, triggered by action: set_object_terms 
[2025-02-22 05:08:14 : INFO] - Cache for URL: https://saridis.local/catalog/chernyj-perecz-vysshej-kategorii-molotyj/ has been purged, triggered by action: save_post 
[2025-02-22 05:08:14 : INFO] - Cache for multiple term taxonomy have been purged due to post terms update, triggered by action: set_object_terms 
[2025-02-22 05:08:14 : INFO] - Cache for multiple term taxonomy have been purged due to post terms update, triggered by action: set_object_terms 
[2025-02-22 05:08:15 : INFO] - Cache for URL: https://saridis.local/catalog/krasnyj-ostryj-perecz-bukovo-hlopya/ has been purged, triggered by action: save_post 
[2025-02-22 05:08:15 : INFO] - Cache for multiple term taxonomy have been purged due to post terms update, triggered by action: set_object_terms 
[2025-02-22 05:08:15 : INFO] - Cache for multiple term taxonomy have been purged due to post terms update, triggered by action: set_object_terms 
[2025-02-22 05:08:15 : INFO] - Cache for URL: https://saridis.local/catalog/paprika-vysshej-kategorii-molotaya/ has been purged, triggered by action: save_post 
[2025-02-22 05:08:15 : INFO] - Cache for multiple term taxonomy have been purged due to post terms update, triggered by action: set_object_terms 
[2025-02-22 05:08:15 : INFO] - Cache for multiple term taxonomy have been purged due to post terms update, triggered by action: set_object_terms 
[2025-02-22 05:08:16 : INFO] - Cache for URL: https://saridis.local/catalog/priprava-koriandr-molotyj/ has been purged, triggered by action: save_post 
[2025-02-22 05:08:16 : INFO] - Cache for multiple term taxonomy have been purged due to post terms update, triggered by action: set_object_terms 
[2025-02-22 05:08:16 : INFO] - Cache for multiple term taxonomy have been purged due to post terms update, triggered by action: set_object_terms 
[2025-02-22 05:08:17 : INFO] - Cache for URL: https://saridis.local/catalog/priprava-sumah-vysshej-kategorii/ has been purged, triggered by action: save_post 
[2025-02-22 05:08:17 : INFO] - Cache for multiple term taxonomy have been purged due to post terms update, triggered by action: set_object_terms 
[2025-02-22 05:08:17 : INFO] - Cache for multiple term taxonomy have been purged due to post terms update, triggered by action: set_object_terms 
[2025-02-22 05:08:17 : INFO] - Cache for URL: https://saridis.local/catalog/priprava-myata-vysshej-kategorii-hlopya/ has been purged, triggered by action: save_post 
[2025-02-22 05:08:17 : INFO] - Cache for multiple term taxonomy have been purged due to post terms update, triggered by action: set_object_terms 
[2025-02-22 05:08:18 : INFO] - Cache for URL: https://saridis.local/catalog/kofe-naturalnyj-molotyj/ has been purged, triggered by action: save_post 
[2025-02-22 05:08:18 : INFO] - Cache for multiple term taxonomy have been purged due to post terms update, triggered by action: set_object_terms 
[2025-02-22 05:08:18 : INFO] - Cache for URL: https://saridis.local/catalog/kofe-naturalnyj-molotyj-2/ has been purged, triggered by action: save_post 
[2025-02-22 05:08:18 : INFO] - Cache for multiple term taxonomy have been purged due to post terms update, triggered by action: set_object_terms 
[2025-02-22 05:08:19 : INFO] - Cache for URL: https://saridis.local/catalog/kofe-naturalnyj-molotyj-3/ has been purged, triggered by action: save_post 
[2025-02-22 05:08:19 : INFO] - Cache for multiple term taxonomy have been purged due to post terms update, triggered by action: set_object_terms 
[2025-02-22 05:08:19 : INFO] - Cache for multiple term taxonomy have been purged due to post terms update, triggered by action: set_object_terms 
[2025-02-22 05:08:19 : INFO] - Cache for URL: https://saridis.local/catalog/kofe-naturalnyj-molotyj-mel-cafe/ has been purged, triggered by action: save_post 
[2025-02-22 05:08:19 : INFO] - Cache for multiple term taxonomy have been purged due to post terms update, triggered by action: set_object_terms 
[2025-02-22 05:08:19 : INFO] - Cache for multiple term taxonomy have been purged due to post terms update, triggered by action: set_object_terms 
[2025-02-22 05:08:20 : INFO] - Cache for URL: https://saridis.local/catalog/kofe-naturalnyj-molotyj-mel-cafe-gold/ has been purged, triggered by action: save_post 
[2025-02-22 05:08:20 : INFO] - Cache for multiple term taxonomy have been purged due to post terms update, triggered by action: set_object_terms 
[2025-02-22 05:08:20 : INFO] - Cache for multiple term taxonomy have been purged due to post terms update, triggered by action: set_object_terms 
[2025-02-22 05:08:21 : INFO] - Cache for URL: https://saridis.local/catalog/kofe-naturalnyj-molotyj-mel-cafe-2/ has been purged, triggered by action: save_post 
[2025-02-22 05:08:21 : INFO] - Cache for multiple term taxonomy have been purged due to post terms update, triggered by action: set_object_terms 
[2025-02-22 05:08:21 : INFO] - Cache for multiple term taxonomy have been purged due to post terms update, triggered by action: set_object_terms 
[2025-02-22 05:08:21 : INFO] - Cache for URL: https://saridis.local/catalog/gornyj-chaj-malotira-saridis/ has been purged, triggered by action: save_post 
[2025-02-22 05:08:21 : INFO] - Cache for multiple term taxonomy have been purged due to post terms update, triggered by action: set_object_terms 
[2025-02-22 05:08:21 : INFO] - Cache for multiple term taxonomy have been purged due to post terms update, triggered by action: set_object_terms 
[2025-02-22 05:08:22 : INFO] - Cache for URL: https://saridis.local/catalog/vafelnye-trubochki-caprice-s-shokoladym-kremom/ has been purged, triggered by action: save_post 
[2025-02-22 05:08:22 : INFO] - Cache for multiple term taxonomy have been purged due to post terms update, triggered by action: set_object_terms 
[2025-02-22 05:08:22 : INFO] - Cache for multiple term taxonomy have been purged due to post terms update, triggered by action: set_object_terms 
[2025-02-22 05:08:22 : INFO] - Cache for URL: https://saridis.local/catalog/shokoladnaya-pasta-melinda/ has been purged, triggered by action: save_post 
[2025-02-22 05:08:22 : INFO] - Cache for multiple term taxonomy have been purged due to post terms update, triggered by action: set_object_terms 
[2025-02-22 05:08:22 : INFO] - Cache for multiple term taxonomy have been purged due to post terms update, triggered by action: set_object_terms 
[2025-02-22 05:08:23 : INFO] - Cache for URL: https://saridis.local/catalog/shokoladnaya-pasta-melinda-2/ has been purged, triggered by action: save_post 
[2025-02-22 05:08:23 : INFO] - Cache for multiple term taxonomy have been purged due to post terms update, triggered by action: set_object_terms 
[2025-02-22 05:08:23 : INFO] - Cache for multiple term taxonomy have been purged due to post terms update, triggered by action: set_object_terms 
[2025-02-22 05:08:23 : INFO] - Cache for URL: https://saridis.local/catalog/makaronnye-izdeliya-spiral-ellinikos-sitos/ has been purged, triggered by action: save_post 
[2025-02-22 05:08:23 : INFO] - Cache for multiple term taxonomy have been purged due to post terms update, triggered by action: set_object_terms 
[2025-02-22 05:08:23 : INFO] - Cache for multiple term taxonomy have been purged due to post terms update, triggered by action: set_object_terms 
[2025-02-22 05:08:24 : INFO] - Cache for URL: https://saridis.local/catalog/makaronnye-izdeliya-orzo-ellinikos-sitos/ has been purged, triggered by action: save_post 
[2025-02-22 05:08:24 : INFO] - Cache for multiple term taxonomy have been purged due to post terms update, triggered by action: set_object_terms 
[2025-02-22 05:08:24 : INFO] - Cache for multiple term taxonomy have been purged due to post terms update, triggered by action: set_object_terms 
[2025-02-22 05:08:24 : INFO] - Cache for URL: https://saridis.local/catalog/makaronye-izdeliya-bucatini-%e2%84%962-ellinikos-sitos/ has been purged, triggered by action: save_post 
[2025-02-22 05:08:24 : INFO] - Cache for multiple term taxonomy have been purged due to post terms update, triggered by action: set_object_terms 
[2025-02-22 05:08:24 : INFO] - Cache for multiple term taxonomy have been purged due to post terms update, triggered by action: set_object_terms 
[2025-02-22 05:08:25 : INFO] - Cache for URL: https://saridis.local/catalog/makaronye-izdeliya-spaghettini-%e2%84%9610-ellinikos-sitos/ has been purged, triggered by action: save_post 
[2025-02-22 05:08:25 : INFO] - Cache for multiple term taxonomy have been purged due to post terms update, triggered by action: set_object_terms 
[2025-02-22 05:08:25 : INFO] - Cache for multiple term taxonomy have been purged due to post terms update, triggered by action: set_object_terms 
[2025-02-22 05:08:26 : INFO] - Cache for URL: https://saridis.local/catalog/makaronye-izdeliya-spaghettini-%e2%84%966-ellinikos-sitos/ has been purged, triggered by action: save_post 
[2025-02-22 05:08:26 : INFO] - Cache for multiple term taxonomy have been purged due to post terms update, triggered by action: set_object_terms 
[2025-02-22 05:08:26 : INFO] - Cache for multiple term taxonomy have been purged due to post terms update, triggered by action: set_object_terms 
[2025-02-22 05:08:26 : INFO] - Cache for URL: https://saridis.local/catalog/makaronye-izdeliya-spaghettini-%e2%84%966-ellinikos-sitos-iz-czelnozernovoj-muki/ has been purged, triggered by action: save_post 
[2025-02-22 05:08:26 : INFO] - Cache for multiple term taxonomy have been purged due to post terms update, triggered by action: set_object_terms 
[2025-02-22 05:08:26 : INFO] - Cache for multiple term taxonomy have been purged due to post terms update, triggered by action: set_object_terms 
[2025-02-22 05:08:27 : INFO] - Cache for URL: https://saridis.local/catalog/makaronnye-izdeliya-penne-ellinikos-sitos/ has been purged, triggered by action: save_post 
[2025-02-22 05:08:27 : INFO] - Cache for multiple term taxonomy have been purged due to post terms update, triggered by action: set_object_terms 
[2025-02-22 05:08:27 : INFO] - Cache for multiple term taxonomy have been purged due to post terms update, triggered by action: set_object_terms 
[2025-02-22 05:08:27 : INFO] - Cache for URL: https://saridis.local/catalog/makaronnye-izdeliya-ditalini-ellinikos-sitos/ has been purged, triggered by action: save_post 
[2025-02-22 05:08:27 : INFO] - Cache for multiple term taxonomy have been purged due to post terms update, triggered by action: set_object_terms 
[2025-02-22 05:08:27 : INFO] - Cache for multiple term taxonomy have been purged due to post terms update, triggered by action: set_object_terms 
[2025-02-22 05:08:28 : INFO] - Cache for URL: https://saridis.local/catalog/vyalenye-tomaty-v-rastitelnom-masle-so-specziyami/ has been purged, triggered by action: save_post 
[2025-02-22 05:08:28 : INFO] - Cache for multiple term taxonomy have been purged due to post terms update, triggered by action: set_object_terms 
[2025-02-22 05:08:28 : INFO] - Cache for multiple term taxonomy have been purged due to post terms update, triggered by action: set_object_terms 
[2025-02-22 05:08:28 : INFO] - Cache for URL: https://saridis.local/catalog/vyalenye-tomaty-v-rastitelnom-masle-so-specziyami-2/ has been purged, triggered by action: save_post 
[2025-02-22 05:08:28 : INFO] - Cache for multiple term taxonomy have been purged due to post terms update, triggered by action: set_object_terms 
[2025-02-22 05:08:28 : INFO] - Cache for multiple term taxonomy have been purged due to post terms update, triggered by action: set_object_terms 
[2025-02-22 05:08:29 : INFO] - Cache for URL: https://saridis.local/catalog/vyalenye-tomaty-v-rastitelnom-masle-so-specziyami-3/ has been purged, triggered by action: save_post 
[2025-02-22 05:08:29 : INFO] - Cache for multiple term taxonomy have been purged due to post terms update, triggered by action: set_object_terms 
[2025-02-22 05:08:29 : INFO] - Cache for multiple term taxonomy have been purged due to post terms update, triggered by action: set_object_terms 
[2025-02-22 05:08:30 : INFO] - Cache for URL: https://saridis.local/catalog/baklazhany-pechenye-v-tomatnom-souse/ has been purged, triggered by action: save_post 
[2025-02-22 05:08:30 : INFO] - Cache for multiple term taxonomy have been purged due to post terms update, triggered by action: set_object_terms 
[2025-02-22 05:08:30 : INFO] - Cache for multiple term taxonomy have been purged due to post terms update, triggered by action: set_object_terms 
[2025-02-22 05:08:30 : INFO] - Cache for URL: https://saridis.local/catalog/baklazhany-pechenye-pashtet-dlya-melidzanosalata/ has been purged, triggered by action: save_post 
[2025-02-22 05:08:30 : INFO] - Cache for multiple term taxonomy have been purged due to post terms update, triggered by action: set_object_terms 
[2025-02-22 05:08:30 : INFO] - Cache for multiple term taxonomy have been purged due to post terms update, triggered by action: set_object_terms 
[2025-02-22 05:08:31 : INFO] - Cache for URL: https://saridis.local/catalog/fasol-pechenaya-v-tomatnom-souse/ has been purged, triggered by action: save_post 
[2025-02-22 05:08:31 : INFO] - Cache for multiple term taxonomy have been purged due to post terms update, triggered by action: set_object_terms 
[2025-02-22 05:08:31 : INFO] - Cache for multiple term taxonomy have been purged due to post terms update, triggered by action: set_object_terms 
[2025-02-22 05:08:32 : INFO] - Cache for URL: https://saridis.local/catalog/fasol-pechenaya-v-tomatnom-souse-2/ has been purged, triggered by action: save_post 
[2025-02-22 05:08:32 : INFO] - Cache for multiple term taxonomy have been purged due to post terms update, triggered by action: set_object_terms 
[2025-02-22 05:08:32 : INFO] - Cache for multiple term taxonomy have been purged due to post terms update, triggered by action: set_object_terms 
[2025-02-22 05:08:32 : INFO] - Cache for URL: https://saridis.local/catalog/perecz-cherry-krasnyj-18-kg/ has been purged, triggered by action: save_post 
[2025-02-22 05:08:32 : INFO] - Cache for multiple term taxonomy have been purged due to post terms update, triggered by action: set_object_terms 
[2025-02-22 05:08:32 : INFO] - Cache for multiple term taxonomy have been purged due to post terms update, triggered by action: set_object_terms 
[2025-02-22 05:08:33 : INFO] - Cache for URL: https://saridis.local/catalog/perecz-cherry-zheltyj-18-kg/ has been purged, triggered by action: save_post 
[2025-02-22 05:08:33 : INFO] - Cache for multiple term taxonomy have been purged due to post terms update, triggered by action: set_object_terms 
[2025-02-22 05:08:33 : INFO] - Cache for multiple term taxonomy have been purged due to post terms update, triggered by action: set_object_terms 
[2025-02-22 05:08:33 : INFO] - Cache for URL: https://saridis.local/catalog/perecz-cherry-zelenyj-18-kg/ has been purged, triggered by action: save_post 
[2025-02-22 05:08:33 : INFO] - Cache for multiple term taxonomy have been purged due to post terms update, triggered by action: set_object_terms 
[2025-02-22 05:08:33 : INFO] - Cache for multiple term taxonomy have been purged due to post terms update, triggered by action: set_object_terms 
[2025-02-22 05:08:34 : INFO] - Cache for URL: https://saridis.local/catalog/perecz-zolotistyj-marinovanyj-makedoniko-25-kg/ has been purged, triggered by action: save_post 
[2025-02-22 05:08:34 : INFO] - Cache for multiple term taxonomy have been purged due to post terms update, triggered by action: set_object_terms 
[2025-02-22 05:08:34 : INFO] - Cache for multiple term taxonomy have been purged due to post terms update, triggered by action: set_object_terms 
[2025-02-22 05:08:34 : INFO] - Cache for URL: https://saridis.local/catalog/perecz-zolotistyj-marinovanyj-makedoniko-7-kg/ has been purged, triggered by action: save_post 
[2025-02-22 05:08:34 : INFO] - Cache for multiple term taxonomy have been purged due to post terms update, triggered by action: set_object_terms 
[2025-02-22 05:08:34 : INFO] - Cache for multiple term taxonomy have been purged due to post terms update, triggered by action: set_object_terms 
[2025-02-22 05:08:35 : INFO] - Cache for URL: https://saridis.local/catalog/perecz-zolotistyj-marinovanyj-makedoniko/ has been purged, triggered by action: save_post 
[2025-02-22 05:08:35 : INFO] - Cache for multiple term taxonomy have been purged due to post terms update, triggered by action: set_object_terms 
[2025-02-22 05:08:35 : INFO] - Cache for multiple term taxonomy have been purged due to post terms update, triggered by action: set_object_terms 
[2025-02-22 05:08:36 : INFO] - Cache for URL: https://saridis.local/catalog/perecz-zapechennyj-krasnyj-buono-350-gr/ has been purged, triggered by action: save_post 
[2025-02-22 05:08:36 : INFO] - Cache for multiple term taxonomy have been purged due to post terms update, triggered by action: set_object_terms 
[2025-02-22 05:08:36 : INFO] - Cache for multiple term taxonomy have been purged due to post terms update, triggered by action: set_object_terms 
[2025-02-22 05:08:36 : INFO] - Cache for URL: https://saridis.local/catalog/perecz-zapechennyj-krasnyj-i-zheltyj-buono-350-gr-st-b/ has been purged, triggered by action: save_post 
[2025-02-22 05:08:36 : INFO] - Cache for multiple term taxonomy have been purged due to post terms update, triggered by action: set_object_terms 
[2025-02-22 05:08:36 : INFO] - Cache for multiple term taxonomy have been purged due to post terms update, triggered by action: set_object_terms 
[2025-02-22 05:08:37 : INFO] - Cache for URL: https://saridis.local/catalog/masliny-s-kostochkoj-v-rassole-atlas-70-90/ has been purged, triggered by action: save_post 
[2025-02-22 05:08:37 : INFO] - Cache for multiple term taxonomy have been purged due to post terms update, triggered by action: set_object_terms 
[2025-02-22 05:08:37 : INFO] - Cache for multiple term taxonomy have been purged due to post terms update, triggered by action: set_object_terms 
[2025-02-22 05:08:37 : INFO] - Cache for URL: https://saridis.local/catalog/masliny-s-kostochkoj-v-rassole-super-mammouth-91-100/ has been purged, triggered by action: save_post 
[2025-02-22 05:08:37 : INFO] - Cache for multiple term taxonomy have been purged due to post terms update, triggered by action: set_object_terms 
[2025-02-22 05:08:37 : INFO] - Cache for multiple term taxonomy have been purged due to post terms update, triggered by action: set_object_terms 
[2025-02-22 05:08:38 : INFO] - Cache for URL: https://saridis.local/catalog/masliny-s-kostochkoj-v-rassole-super-mammouth-101-110/ has been purged, triggered by action: save_post 
[2025-02-22 05:08:38 : INFO] - Cache for multiple term taxonomy have been purged due to post terms update, triggered by action: set_object_terms 
[2025-02-22 05:08:38 : INFO] - Cache for multiple term taxonomy have been purged due to post terms update, triggered by action: set_object_terms 
[2025-02-22 05:08:39 : INFO] - Cache for URL: https://saridis.local/catalog/masliny-s-kostochkoj-v-rassole-super-mammouth-111-120/ has been purged, triggered by action: save_post 
[2025-02-22 05:08:39 : INFO] - Cache for multiple term taxonomy have been purged due to post terms update, triggered by action: set_object_terms 
[2025-02-22 05:08:39 : INFO] - Cache for multiple term taxonomy have been purged due to post terms update, triggered by action: set_object_terms 
[2025-02-22 05:08:39 : INFO] - Cache for URL: https://saridis.local/catalog/masliny-s-kostochkoj-v-rassole-super-mammouth-101-110-2/ has been purged, triggered by action: save_post 
[2025-02-22 05:08:39 : INFO] - Cache for multiple term taxonomy have been purged due to post terms update, triggered by action: set_object_terms 
[2025-02-22 05:08:39 : INFO] - Cache for multiple term taxonomy have been purged due to post terms update, triggered by action: set_object_terms 
[2025-02-22 05:08:40 : INFO] - Cache for URL: https://saridis.local/catalog/masliny-bez-kostochek-v-rassole-superior-101-110/ has been purged, triggered by action: save_post 
[2025-02-22 05:08:40 : INFO] - Cache for multiple term taxonomy have been purged due to post terms update, triggered by action: set_object_terms 
[2025-02-22 05:08:40 : INFO] - Cache for multiple term taxonomy have been purged due to post terms update, triggered by action: set_object_terms 
[2025-02-22 05:08:40 : INFO] - Cache for URL: https://saridis.local/catalog/olivki-s-kostochkoj-v-rassole-atlas-71-90/ has been purged, triggered by action: save_post 
[2025-02-22 05:08:40 : INFO] - Cache for multiple term taxonomy have been purged due to post terms update, triggered by action: set_object_terms 
[2025-02-22 05:08:40 : INFO] - Cache for multiple term taxonomy have been purged due to post terms update, triggered by action: set_object_terms 
[2025-02-22 05:08:41 : INFO] - Cache for URL: https://saridis.local/catalog/olivki-s-kostochkoj-v-rassole-atlas-101-110/ has been purged, triggered by action: save_post 
[2025-02-22 05:08:41 : INFO] - Cache for multiple term taxonomy have been purged due to post terms update, triggered by action: set_object_terms 
[2025-02-22 05:08:41 : INFO] - Cache for multiple term taxonomy have been purged due to post terms update, triggered by action: set_object_terms 
[2025-02-22 05:08:41 : INFO] - Cache for URL: https://saridis.local/catalog/olivki-bez-kostochek-v-rassole-superior-70-91/ has been purged, triggered by action: save_post 
[2025-02-22 05:08:41 : INFO] - Cache for multiple term taxonomy have been purged due to post terms update, triggered by action: set_object_terms 
[2025-02-22 05:08:41 : INFO] - Cache for multiple term taxonomy have been purged due to post terms update, triggered by action: set_object_terms 
[2025-02-22 05:08:42 : INFO] - Cache for URL: https://saridis.local/catalog/olivki-bez-kostochek-v-rassole-superior-101-110/ has been purged, triggered by action: save_post 
[2025-02-22 05:08:42 : INFO] - Cache for multiple term taxonomy have been purged due to post terms update, triggered by action: set_object_terms 
[2025-02-22 05:08:42 : INFO] - Cache for multiple term taxonomy have been purged due to post terms update, triggered by action: set_object_terms 
[2025-02-22 05:08:42 : INFO] - Cache for URL: https://saridis.local/catalog/olivki-kalamon-s-kostochkoj-v-rassole-extra-jumbo-161-180/ has been purged, triggered by action: save_post 
[2025-02-22 05:08:42 : INFO] - Cache for multiple term taxonomy have been purged due to post terms update, triggered by action: set_object_terms 
[2025-02-22 05:08:42 : INFO] - Cache for multiple term taxonomy have been purged due to post terms update, triggered by action: set_object_terms 
[2025-02-22 05:08:43 : INFO] - Cache for URL: https://saridis.local/catalog/masliny-s-kostochkoj-v-rassole-atlas-70-90-2/ has been purged, triggered by action: save_post 
[2025-02-22 05:08:43 : INFO] - Cache for multiple term taxonomy have been purged due to post terms update, triggered by action: set_object_terms 
[2025-02-22 05:08:43 : INFO] - Cache for multiple term taxonomy have been purged due to post terms update, triggered by action: set_object_terms 
[2025-02-22 05:08:44 : INFO] - Cache for URL: https://saridis.local/catalog/masliny-s-kostochkami-v-rassole-super-mammouth-91-100/ has been purged, triggered by action: save_post 
[2025-02-22 05:08:44 : INFO] - Cache for multiple term taxonomy have been purged due to post terms update, triggered by action: set_object_terms 
[2025-02-22 05:08:44 : INFO] - Cache for multiple term taxonomy have been purged due to post terms update, triggered by action: set_object_terms 
[2025-02-22 05:08:44 : INFO] - Cache for URL: https://saridis.local/catalog/olivki-bez-kostochek-v-rassole-superior-70-91-2/ has been purged, triggered by action: save_post 
[2025-02-22 05:08:44 : INFO] - Cache for multiple term taxonomy have been purged due to post terms update, triggered by action: set_object_terms 
[2025-02-22 05:08:44 : INFO] - Cache for multiple term taxonomy have been purged due to post terms update, triggered by action: set_object_terms 
[2025-02-22 05:08:45 : INFO] - Cache for URL: https://saridis.local/catalog/olivki-s-kostochkoj-v-rassole-atlas-71-90-2/ has been purged, triggered by action: save_post 
[2025-02-22 05:08:45 : INFO] - Cache for multiple term taxonomy have been purged due to post terms update, triggered by action: set_object_terms 
[2025-02-22 05:08:45 : INFO] - Cache for multiple term taxonomy have been purged due to post terms update, triggered by action: set_object_terms 
[2025-02-22 05:08:45 : INFO] - Cache for URL: https://saridis.local/catalog/olivki-s-kostochkoj-v-rassole-atlas-91-100/ has been purged, triggered by action: save_post 
[2025-02-22 05:08:45 : INFO] - Cache for multiple term taxonomy have been purged due to post terms update, triggered by action: set_object_terms 
[2025-02-22 05:08:45 : INFO] - Cache for multiple term taxonomy have been purged due to post terms update, triggered by action: set_object_terms 
[2025-02-22 05:08:46 : INFO] - Cache for URL: https://saridis.local/catalog/olivki-s-mindalem-v-rassole/ has been purged, triggered by action: save_post 
[2025-02-22 05:08:46 : INFO] - Cache for multiple term taxonomy have been purged due to post terms update, triggered by action: set_object_terms 
[2025-02-22 05:08:46 : INFO] - Cache for multiple term taxonomy have been purged due to post terms update, triggered by action: set_object_terms 
[2025-02-22 05:08:46 : INFO] - Cache for URL: https://saridis.local/catalog/olivki-kalamon-s-kostochkoj-v-rassole-extra-jumbo-161-180-2/ has been purged, triggered by action: save_post 
[2025-02-22 05:08:46 : INFO] - Cache for multiple term taxonomy have been purged due to post terms update, triggered by action: set_object_terms 
[2025-02-22 05:08:46 : INFO] - Cache for multiple term taxonomy have been purged due to post terms update, triggered by action: set_object_terms 
[2025-02-22 05:08:47 : INFO] - Cache for URL: https://saridis.local/catalog/olivki-kalamon-s-kostochkoj-v-rassole-jumbo-181-200/ has been purged, triggered by action: save_post 
[2025-02-22 05:08:47 : INFO] - Cache for multiple term taxonomy have been purged due to post terms update, triggered by action: set_object_terms 
[2025-02-22 05:08:47 : INFO] - Cache for multiple term taxonomy have been purged due to post terms update, triggered by action: set_object_terms 
[2025-02-22 05:08:47 : INFO] - Cache for URL: https://saridis.local/catalog/olivki-kalamon-bez-kostochki-v-rassole-jumbo-181-201/ has been purged, triggered by action: save_post 
[2025-02-22 05:08:47 : INFO] - Cache for multiple term taxonomy have been purged due to post terms update, triggered by action: set_object_terms 
[2025-02-22 05:08:47 : INFO] - Cache for multiple term taxonomy have been purged due to post terms update, triggered by action: set_object_terms 
[2025-02-22 05:08:48 : INFO] - Cache for URL: https://saridis.local/catalog/masliny-s-kostochkoj-70-90/ has been purged, triggered by action: save_post 
[2025-02-22 05:08:48 : INFO] - Cache for multiple term taxonomy have been purged due to post terms update, triggered by action: set_object_terms 
[2025-02-22 05:08:48 : INFO] - Cache for multiple term taxonomy have been purged due to post terms update, triggered by action: set_object_terms 
[2025-02-22 05:08:48 : INFO] - Cache for URL: https://saridis.local/catalog/masliny-bez-kostochek-v-rassole-superior-111-120/ has been purged, triggered by action: save_post 
[2025-02-22 05:08:48 : INFO] - Cache for multiple term taxonomy have been purged due to post terms update, triggered by action: set_object_terms 
[2025-02-22 05:08:48 : INFO] - Cache for multiple term taxonomy have been purged due to post terms update, triggered by action: set_object_terms 
[2025-02-22 05:08:49 : INFO] - Cache for URL: https://saridis.local/catalog/olivki-s-kostochkoj-101-110/ has been purged, triggered by action: save_post 
[2025-02-22 05:08:49 : INFO] - Cache for multiple term taxonomy have been purged due to post terms update, triggered by action: set_object_terms 
[2025-02-22 05:08:49 : INFO] - Cache for multiple term taxonomy have been purged due to post terms update, triggered by action: set_object_terms 
[2025-02-22 05:08:49 : INFO] - Cache for URL: https://saridis.local/catalog/olivki-bez-kostochek-v-rassole-mammouth-111-120/ has been purged, triggered by action: save_post 
[2025-02-22 05:08:49 : INFO] - Cache for multiple term taxonomy have been purged due to post terms update, triggered by action: set_object_terms 
[2025-02-22 05:08:49 : INFO] - Cache for multiple term taxonomy have been purged due to post terms update, triggered by action: set_object_terms 
[2025-02-22 05:08:50 : INFO] - Cache for URL: https://saridis.local/catalog/olivki-kalamata-s-kostochkoj-v-rassole-jumbo-181-200/ has been purged, triggered by action: save_post 
[2025-02-22 05:08:50 : INFO] - Cache for multiple term taxonomy have been purged due to post terms update, triggered by action: set_object_terms 
[2025-02-22 05:08:50 : INFO] - Cache for multiple term taxonomy have been purged due to post terms update, triggered by action: set_object_terms 
[2025-02-22 05:08:55 : INFO] - Cache for URL: https://saridis.local/catalog/olivki-zelenye-s-kostochkami-s-mammouth-91-100/ has been purged, triggered by action: save_post 
[2025-02-22 05:08:55 : INFO] - Cache for multiple term taxonomy have been purged due to post terms update, triggered by action: set_object_terms 
[2025-02-22 05:08:55 : INFO] - Cache for multiple term taxonomy have been purged due to post terms update, triggered by action: set_object_terms 
[2025-02-22 05:08:56 : INFO] - Cache for URL: https://saridis.local/catalog/olivki-zelenye-bez-kostocheks-mammouth-91-100/ has been purged, triggered by action: save_post 
[2025-02-22 05:08:56 : INFO] - Cache for multiple term taxonomy have been purged due to post terms update, triggered by action: set_object_terms 
[2025-02-22 05:08:56 : INFO] - Cache for multiple term taxonomy have been purged due to post terms update, triggered by action: set_object_terms 
[2025-02-22 05:08:56 : INFO] - Cache for URL: https://saridis.local/catalog/masliny-s-kostochkoj-s-mammouth-91-100/ has been purged, triggered by action: save_post 
[2025-02-22 05:08:56 : INFO] - Cache for multiple term taxonomy have been purged due to post terms update, triggered by action: set_object_terms 
[2025-02-22 05:08:56 : INFO] - Cache for multiple term taxonomy have been purged due to post terms update, triggered by action: set_object_terms 
[2025-02-22 05:08:57 : INFO] - Cache for URL: https://saridis.local/catalog/masliny-bez-kostochek-s-mammouth-91-100/ has been purged, triggered by action: save_post 
[2025-02-22 05:08:57 : INFO] - Cache for multiple term taxonomy have been purged due to post terms update, triggered by action: set_object_terms 
[2025-02-22 05:08:57 : INFO] - Cache for multiple term taxonomy have been purged due to post terms update, triggered by action: set_object_terms 
[2025-02-22 05:08:57 : INFO] - Cache for URL: https://saridis.local/catalog/olivki-vyalenye-throumba-thassos/ has been purged, triggered by action: save_post 
[2025-02-22 05:08:57 : INFO] - Cache for multiple term taxonomy have been purged due to post terms update, triggered by action: set_object_terms 
[2025-02-22 05:08:57 : INFO] - Cache for multiple term taxonomy have been purged due to post terms update, triggered by action: set_object_terms 
[2025-02-22 05:08:58 : INFO] - Cache for URL: https://saridis.local/catalog/olivki-vyalenye-throumba-thassos-2/ has been purged, triggered by action: save_post 
[2025-02-22 05:08:58 : INFO] - Cache for multiple term taxonomy have been purged due to post terms update, triggered by action: set_object_terms 
[2025-02-22 05:08:58 : INFO] - Cache for multiple term taxonomy have been purged due to post terms update, triggered by action: set_object_terms 
[2025-02-22 05:08:58 : INFO] - Cache for URL: https://saridis.local/catalog/olivki-zelenye-i-olivki-kalamata-s-kostochkoj-mix/ has been purged, triggered by action: save_post 
[2025-02-22 05:08:58 : INFO] - Cache for multiple term taxonomy have been purged due to post terms update, triggered by action: set_object_terms 
[2025-02-22 05:08:58 : INFO] - Cache for multiple term taxonomy have been purged due to post terms update, triggered by action: set_object_terms 
[2025-02-22 05:08:59 : INFO] - Cache for URL: https://saridis.local/catalog/olivki-zelenye-i-olivki-kalamata-s-kostochkoj-mix-2/ has been purged, triggered by action: save_post 
[2025-02-22 05:08:59 : INFO] - Cache for multiple term taxonomy have been purged due to post terms update, triggered by action: set_object_terms 
[2025-02-22 05:08:59 : INFO] - Cache for multiple term taxonomy have been purged due to post terms update, triggered by action: set_object_terms 
[2025-02-22 05:08:59 : INFO] - Cache for URL: https://saridis.local/catalog/maslo-kukuruznoe/ has been purged, triggered by action: save_post 
[2025-02-22 05:09:00 : INFO] - Cache for multiple term taxonomy have been purged due to post terms update, triggered by action: set_object_terms 
[2025-02-22 05:09:00 : INFO] - Cache for multiple term taxonomy have been purged due to post terms update, triggered by action: set_object_terms 
[2025-02-22 05:09:00 : INFO] - Cache for URL: https://saridis.local/catalog/ketchup-bez-sahara-condito-pl-but/ has been purged, triggered by action: save_post 
[2025-02-22 05:09:00 : INFO] - Cache for multiple term taxonomy have been purged due to post terms update, triggered by action: set_object_terms 
[2025-02-22 05:09:00 : INFO] - Cache for multiple term taxonomy have been purged due to post terms update, triggered by action: set_object_terms 
[2025-02-22 05:09:01 : INFO] - Cache for URL: https://saridis.local/catalog/ketchup-so-steviej-condito-pl-but/ has been purged, triggered by action: save_post 
[2025-02-22 05:09:01 : INFO] - Cache for multiple term taxonomy have been purged due to post terms update, triggered by action: set_object_terms 
[2025-02-22 05:09:01 : INFO] - Cache for multiple term taxonomy have been purged due to post terms update, triggered by action: set_object_terms 
[2025-02-22 05:09:01 : INFO] - Cache for URL: https://saridis.local/catalog/gorchicza-myagkaya-mustard-42kg-soft/ has been purged, triggered by action: save_post 
[2025-02-22 05:09:01 : INFO] - Cache for multiple term taxonomy have been purged due to post terms update, triggered by action: set_object_terms 
[2025-02-22 05:09:02 : INFO] - Cache for multiple term taxonomy have been purged due to post terms update, triggered by action: set_object_terms 
[2025-02-22 05:09:02 : INFO] - Cache for URL: https://saridis.local/catalog/gorchicza-myagkaya-mustard-45kg-soft/ has been purged, triggered by action: save_post 
[2025-02-22 05:09:02 : INFO] - Cache for multiple term taxonomy have been purged due to post terms update, triggered by action: set_object_terms 
[2025-02-22 05:09:02 : INFO] - Cache for multiple term taxonomy have been purged due to post terms update, triggered by action: set_object_terms 
[2025-02-22 05:09:03 : INFO] - Cache for URL: https://saridis.local/catalog/balzamicheskij-sous-klassicheskij/ has been purged, triggered by action: save_post 
[2025-02-22 05:09:03 : INFO] - Cache for multiple term taxonomy have been purged due to post terms update, triggered by action: set_object_terms 
[2025-02-22 05:09:03 : INFO] - Cache for multiple term taxonomy have been purged due to post terms update, triggered by action: set_object_terms 
[2025-02-22 05:09:03 : INFO] - Cache for URL: https://saridis.local/catalog/belyj-balzamicheskij-sous/ has been purged, triggered by action: save_post 
[2025-02-22 05:09:03 : INFO] - Cache for multiple term taxonomy have been purged due to post terms update, triggered by action: set_object_terms 
[2025-02-22 05:09:03 : INFO] - Cache for multiple term taxonomy have been purged due to post terms update, triggered by action: set_object_terms 
[2025-02-22 05:09:04 : INFO] - Cache for URL: https://saridis.local/catalog/sous-balzamicheskij-s-inzhirom/ has been purged, triggered by action: save_post 
[2025-02-22 05:09:04 : INFO] - Cache for multiple term taxonomy have been purged due to post terms update, triggered by action: set_object_terms 
[2025-02-22 05:09:04 : INFO] - Cache for multiple term taxonomy have been purged due to post terms update, triggered by action: set_object_terms 
[2025-02-22 05:09:05 : INFO] - Cache for URL: https://saridis.local/catalog/balzamicheskij-sous-s-klubnikoj/ has been purged, triggered by action: save_post 
[2025-02-22 05:09:05 : INFO] - Cache for multiple term taxonomy have been purged due to post terms update, triggered by action: set_object_terms 
[2025-02-22 05:09:05 : INFO] - Cache for multiple term taxonomy have been purged due to post terms update, triggered by action: set_object_terms 
[2025-02-22 05:09:05 : INFO] - Cache for URL: https://saridis.local/catalog/sous-balzamicheskij-s-apelsinom/ has been purged, triggered by action: save_post 
[2025-02-22 05:09:05 : INFO] - Cache for multiple term taxonomy have been purged due to post terms update, triggered by action: set_object_terms 
[2025-02-22 05:09:05 : INFO] - Cache for multiple term taxonomy have been purged due to post terms update, triggered by action: set_object_terms 
[2025-02-22 05:09:06 : INFO] - Cache for URL: https://saridis.local/catalog/balzamicheskij-sous-s-granatom/ has been purged, triggered by action: save_post 
[2025-02-22 05:09:06 : INFO] - Cache for multiple term taxonomy have been purged due to post terms update, triggered by action: set_object_terms 
[2025-02-22 05:09:06 : INFO] - Cache for multiple term taxonomy have been purged due to post terms update, triggered by action: set_object_terms 
[2025-02-22 05:09:07 : INFO] - Cache for URL: https://saridis.local/catalog/balzamicheskij-sous-barbekyu/ has been purged, triggered by action: save_post 
[2025-02-22 05:09:07 : INFO] - Cache for multiple term taxonomy have been purged due to post terms update, triggered by action: set_object_terms 
[2025-02-22 05:09:07 : INFO] - Cache for multiple term taxonomy have been purged due to post terms update, triggered by action: set_object_terms 
[2025-02-22 05:09:07 : INFO] - Cache for URL: https://saridis.local/catalog/balzamicheskij-sous-s-lesnymi-yagodami/ has been purged, triggered by action: save_post 
[2025-02-22 05:09:07 : INFO] - Cache for multiple term taxonomy have been purged due to post terms update, triggered by action: set_object_terms 
[2025-02-22 05:09:07 : INFO] - Cache for multiple term taxonomy have been purged due to post terms update, triggered by action: set_object_terms 
[2025-02-22 05:09:08 : INFO] - Cache for URL: https://saridis.local/catalog/balzamicheskij-sous-chili/ has been purged, triggered by action: save_post 
[2025-02-22 05:09:08 : INFO] - Cache for multiple term taxonomy have been purged due to post terms update, triggered by action: set_object_terms 
[2025-02-22 05:09:08 : INFO] - Cache for multiple term taxonomy have been purged due to post terms update, triggered by action: set_object_terms 
[2025-02-22 05:09:08 : INFO] - Cache for URL: https://saridis.local/catalog/balzamicheskij-sous-s-vishnej/ has been purged, triggered by action: save_post 
[2025-02-22 05:09:08 : INFO] - Cache for multiple term taxonomy have been purged due to post terms update, triggered by action: set_object_terms 
[2025-02-22 05:09:08 : INFO] - Cache for multiple term taxonomy have been purged due to post terms update, triggered by action: set_object_terms 
[2025-02-22 05:09:09 : INFO] - Cache for URL: https://saridis.local/catalog/balzamicheskij-sous-s-limonom/ has been purged, triggered by action: save_post 
[2025-02-22 05:09:09 : INFO] - Cache for multiple term taxonomy have been purged due to post terms update, triggered by action: set_object_terms 
[2025-02-22 05:09:09 : INFO] - Cache for multiple term taxonomy have been purged due to post terms update, triggered by action: set_object_terms 
[2025-02-22 05:09:09 : INFO] - Cache for URL: https://saridis.local/catalog/balzamicheskij-sous-s-medom/ has been purged, triggered by action: save_post 
[2025-02-22 05:09:09 : INFO] - Cache for multiple term taxonomy have been purged due to post terms update, triggered by action: set_object_terms 
[2025-02-22 05:09:09 : INFO] - Cache for multiple term taxonomy have been purged due to post terms update, triggered by action: set_object_terms 
[2025-02-22 05:09:10 : INFO] - Cache for URL: https://saridis.local/catalog/balzamicheskij-sous-s-soevym-sousom/ has been purged, triggered by action: save_post 
[2025-02-22 05:09:10 : INFO] - Cache for multiple term taxonomy have been purged due to post terms update, triggered by action: set_object_terms 
[2025-02-22 05:09:10 : INFO] - Cache for multiple term taxonomy have been purged due to post terms update, triggered by action: set_object_terms 
[2025-02-22 05:09:10 : INFO] - Cache for URL: https://saridis.local/catalog/sous-balzamicheskij-s-granatom-bez-sahara/ has been purged, triggered by action: save_post 
[2025-02-22 05:09:11 : INFO] - Cache for multiple term taxonomy have been purged due to post terms update, triggered by action: set_object_terms 
[2025-02-22 05:09:11 : INFO] - Cache for multiple term taxonomy have been purged due to post terms update, triggered by action: set_object_terms 
[2025-02-22 05:09:11 : INFO] - Cache for URL: https://saridis.local/catalog/uksus-vinnyj-krasnyj/ has been purged, triggered by action: save_post 
[2025-02-22 05:09:11 : INFO] - Cache for multiple term taxonomy have been purged due to post terms update, triggered by action: set_object_terms 
[2025-02-22 05:09:11 : INFO] - Cache for multiple term taxonomy have been purged due to post terms update, triggered by action: set_object_terms 
[2025-02-22 05:09:16 : INFO] - Cache for URL: https://saridis.local/catalog/uksus-yablochnyj/ has been purged, triggered by action: save_post 
[2025-02-22 05:09:16 : INFO] - Cache for multiple term taxonomy have been purged due to post terms update, triggered by action: set_object_terms 
[2025-02-22 05:09:16 : INFO] - Cache for multiple term taxonomy have been purged due to post terms update, triggered by action: set_object_terms 
[2025-02-22 05:09:17 : INFO] - Cache for URL: https://saridis.local/catalog/sok-limonyj-konczentrat/ has been purged, triggered by action: save_post 
[2025-02-22 05:09:17 : INFO] - Cache for multiple term taxonomy have been purged due to post terms update, triggered by action: set_object_terms 
[2025-02-22 05:09:17 : INFO] - Cache for multiple term taxonomy have been purged due to post terms update, triggered by action: set_object_terms 
[2025-02-22 05:09:17 : INFO] - Cache for URL: https://saridis.local/catalog/olivkovoe-maslo-extra-virgin-latzimas-gold-pdo/ has been purged, triggered by action: save_post 
[2025-02-22 05:09:17 : INFO] - Cache for multiple term taxonomy have been purged due to post terms update, triggered by action: set_object_terms 
[2025-02-22 05:09:17 : INFO] - Cache for multiple term taxonomy have been purged due to post terms update, triggered by action: set_object_terms 
[2025-02-22 05:09:18 : INFO] - Cache for URL: https://saridis.local/catalog/olivkovoe-maslo-extra-virgin-latzimas-gold-pdo-2/ has been purged, triggered by action: save_post 
[2025-02-22 05:09:18 : INFO] - Cache for multiple term taxonomy have been purged due to post terms update, triggered by action: set_object_terms 
[2025-02-22 05:09:18 : INFO] - Cache for multiple term taxonomy have been purged due to post terms update, triggered by action: set_object_terms 
[2025-02-22 05:09:18 : INFO] - Cache for URL: https://saridis.local/catalog/olivkovoe-maslo-extra-virgin-latzimas-pdo/ has been purged, triggered by action: save_post 
[2025-02-22 05:09:18 : INFO] - Cache for multiple term taxonomy have been purged due to post terms update, triggered by action: set_object_terms 
[2025-02-22 05:09:19 : INFO] - Cache for URL: https://saridis.local/catalog/olivkovoe-maslo-extra-virgin-latzimas-pdo-2/ has been purged, triggered by action: save_post 
[2025-02-22 05:09:19 : INFO] - Cache for multiple term taxonomy have been purged due to post terms update, triggered by action: set_object_terms 
[2025-02-22 05:09:19 : INFO] - Cache for multiple term taxonomy have been purged due to post terms update, triggered by action: set_object_terms 
[2025-02-22 05:09:19 : INFO] - Cache for URL: https://saridis.local/catalog/olivkovoe-maslo-extra-virgin-latzimas-gold-pdo-3/ has been purged, triggered by action: save_post 
[2025-02-22 05:09:19 : INFO] - Cache for multiple term taxonomy have been purged due to post terms update, triggered by action: set_object_terms 
[2025-02-22 05:09:19 : INFO] - Cache for multiple term taxonomy have been purged due to post terms update, triggered by action: set_object_terms 
[2025-02-22 05:09:20 : INFO] - Cache for URL: https://saridis.local/catalog/olivkovoe-maslo-extra-virgin-kalamata-estate-pdo/ has been purged, triggered by action: save_post 
[2025-02-22 05:09:20 : INFO] - Cache for multiple term taxonomy have been purged due to post terms update, triggered by action: set_object_terms 
[2025-02-22 05:09:20 : INFO] - Cache for multiple term taxonomy have been purged due to post terms update, triggered by action: set_object_terms 
[2025-02-22 05:09:20 : INFO] - Cache for URL: https://saridis.local/catalog/olivkovoe-maslo-extra-virgin-kalamata-estate-pdo-2/ has been purged, triggered by action: save_post 
[2025-02-22 05:09:20 : INFO] - Cache for multiple term taxonomy have been purged due to post terms update, triggered by action: set_object_terms 
[2025-02-22 05:09:20 : INFO] - Cache for multiple term taxonomy have been purged due to post terms update, triggered by action: set_object_terms 
[2025-02-22 05:09:21 : INFO] - Cache for URL: https://saridis.local/catalog/olivkovoe-maslo-extra-virgin-kalamata-estate-pdo-3/ has been purged, triggered by action: save_post 
[2025-02-22 05:09:21 : INFO] - Cache for multiple term taxonomy have been purged due to post terms update, triggered by action: set_object_terms 
[2025-02-22 05:09:21 : INFO] - Cache for multiple term taxonomy have been purged due to post terms update, triggered by action: set_object_terms 
[2025-02-22 05:09:22 : INFO] - Cache for URL: https://saridis.local/catalog/olivkovoe-maslo-extra-virgin-kalamata-estate-pdo-4/ has been purged, triggered by action: save_post 
[2025-02-22 05:09:22 : INFO] - Cache for multiple term taxonomy have been purged due to post terms update, triggered by action: set_object_terms 
[2025-02-22 05:09:22 : INFO] - Cache for multiple term taxonomy have been purged due to post terms update, triggered by action: set_object_terms 
[2025-02-22 05:09:22 : INFO] - Cache for URL: https://saridis.local/catalog/olivkovoe-maslo-extra-virgin-saridis-1-l-pdo/ has been purged, triggered by action: save_post 
[2025-02-22 05:09:22 : INFO] - Cache for multiple term taxonomy have been purged due to post terms update, triggered by action: set_object_terms 
[2025-02-22 05:09:22 : INFO] - Cache for multiple term taxonomy have been purged due to post terms update, triggered by action: set_object_terms 
[2025-02-22 05:09:27 : INFO] - Cache for URL: https://saridis.local/catalog/olivkovoe-maslo-extra-virgin-saridis-1-l-pdo-2/ has been purged, triggered by action: save_post 
[2025-02-22 05:09:27 : INFO] - Cache for multiple term taxonomy have been purged due to post terms update, triggered by action: set_object_terms 
[2025-02-22 05:09:27 : INFO] - Cache for multiple term taxonomy have been purged due to post terms update, triggered by action: set_object_terms 
[2025-02-22 05:09:28 : INFO] - Cache for URL: https://saridis.local/catalog/olivkovoe-maslo-extra-virgin-saridis-1-l-pdo-3/ has been purged, triggered by action: save_post 
[2025-02-22 05:09:28 : INFO] - Cache for multiple term taxonomy have been purged due to post terms update, triggered by action: set_object_terms 
[2025-02-22 05:09:28 : INFO] - Cache for multiple term taxonomy have been purged due to post terms update, triggered by action: set_object_terms 
[2025-02-22 05:09:28 : INFO] - Cache for URL: https://saridis.local/catalog/olivkovoe-maslo-extra-virgin-sitia-of-gold-pdo/ has been purged, triggered by action: save_post 
[2025-02-22 05:09:28 : INFO] - Cache for multiple term taxonomy have been purged due to post terms update, triggered by action: set_object_terms 
[2025-02-22 05:09:28 : INFO] - Cache for multiple term taxonomy have been purged due to post terms update, triggered by action: set_object_terms 
[2025-02-22 05:09:29 : INFO] - Cache for URL: https://saridis.local/catalog/olivkovoe-maslo-extra-virgin-sitia-of-gold-pdo-2/ has been purged, triggered by action: save_post 
[2025-02-22 05:09:29 : INFO] - Cache for multiple term taxonomy have been purged due to post terms update, triggered by action: set_object_terms 
[2025-02-22 05:09:29 : INFO] - Cache for multiple term taxonomy have been purged due to post terms update, triggered by action: set_object_terms 
[2025-02-22 05:09:29 : INFO] - Cache for URL: https://saridis.local/catalog/olivkovoe-maslo-extra-virgin-sitia-of-gold-pdo-3/ has been purged, triggered by action: save_post 
[2025-02-22 05:09:29 : INFO] - Cache for multiple term taxonomy have been purged due to post terms update, triggered by action: set_object_terms 
[2025-02-22 05:09:29 : INFO] - Cache for multiple term taxonomy have been purged due to post terms update, triggered by action: set_object_terms 
[2025-02-22 05:09:30 : INFO] - Cache for URL: https://saridis.local/catalog/olivkovoe-maslo-extra-virgin-sitia-of-gold-pdo-4/ has been purged, triggered by action: save_post 
[2025-02-22 05:09:30 : INFO] - Cache for multiple term taxonomy have been purged due to post terms update, triggered by action: set_object_terms 
[2025-02-22 05:09:30 : INFO] - Cache for multiple term taxonomy have been purged due to post terms update, triggered by action: set_object_terms 
[2025-02-22 05:09:31 : INFO] - Cache for URL: https://saridis.local/catalog/olivkovoe-maslo-extra-virgin-mylopotamos-pdo/ has been purged, triggered by action: save_post 
[2025-02-22 05:09:31 : INFO] - Cache for multiple term taxonomy have been purged due to post terms update, triggered by action: set_object_terms 
[2025-02-22 05:09:31 : INFO] - Cache for multiple term taxonomy have been purged due to post terms update, triggered by action: set_object_terms 
[2025-02-22 05:09:31 : INFO] - Cache for URL: https://saridis.local/catalog/maslo-olivkovoe-pomace-saridis/ has been purged, triggered by action: save_post 
[2025-02-22 05:09:31 : INFO] - Cache for multiple term taxonomy have been purged due to post terms update, triggered by action: set_object_terms 
[2025-02-22 05:09:31 : INFO] - Cache for multiple term taxonomy have been purged due to post terms update, triggered by action: set_object_terms 
[2025-02-22 05:09:32 : INFO] - Cache for URL: https://saridis.local/catalog/maslo-olivkovoe-pomace-saridis-2/ has been purged, triggered by action: save_post 
[2025-02-22 05:09:32 : INFO] - Cache for multiple term taxonomy have been purged due to post terms update, triggered by action: set_object_terms 
[2025-02-22 05:09:32 : INFO] - Cache for multiple term taxonomy have been purged due to post terms update, triggered by action: set_object_terms 
[2025-02-22 05:09:32 : INFO] - Cache for URL: https://saridis.local/catalog/maslo-olivkovoe-pomace-saridis-3/ has been purged, triggered by action: save_post 
[2025-02-22 05:09:32 : INFO] - Cache for multiple term taxonomy have been purged due to post terms update, triggered by action: set_object_terms 
[2025-02-22 05:09:32 : INFO] - Cache for multiple term taxonomy have been purged due to post terms update, triggered by action: set_object_terms 
[2025-02-22 05:09:33 : INFO] - Cache for URL: https://saridis.local/catalog/maslo-olivkovoe-pomace-koko/ has been purged, triggered by action: save_post 
[2025-02-22 05:09:33 : INFO] - Cache for multiple term taxonomy have been purged due to post terms update, triggered by action: set_object_terms 
[2025-02-22 05:09:33 : INFO] - Cache for multiple term taxonomy have been purged due to post terms update, triggered by action: set_object_terms 
[2025-02-22 05:09:34 : INFO] - Cache for URL: https://saridis.local/catalog/maslo-olivkovoe-pomace-koko-2/ has been purged, triggered by action: save_post 
[2025-02-22 05:09:34 : INFO] - Cache for multiple term taxonomy have been purged due to post terms update, triggered by action: set_object_terms 
[2025-02-22 05:09:34 : INFO] - Cache for multiple term taxonomy have been purged due to post terms update, triggered by action: set_object_terms 
[2025-02-22 05:09:34 : INFO] - Cache for URL: https://saridis.local/catalog/maslo-olivkovoe-pomace-koko-3/ has been purged, triggered by action: save_post 
[2025-02-22 07:44:18 : INFO] - Cache for URL: https://saridis.local/?p=466 has been purged, triggered by action: save_post 
[2025-02-22 07:44:18 : INFO] - Cache for all archives page associated with post_type: post and Title: "Черновик" have been purged, triggered by action: save_post 
[2025-02-23 06:50:05 : INFO] - Cache for multiple term taxonomy have been purged due to post terms update, triggered by action: set_object_terms 
[2025-02-23 06:50:06 : INFO] - Cache for multiple term taxonomy have been purged due to post terms update, triggered by action: set_object_terms 
[2025-02-23 06:50:06 : INFO] - Cache for multiple term taxonomy have been purged due to post terms update, triggered by action: set_object_terms 
[2025-02-23 06:50:06 : INFO] - Cache for URL: https://saridis.local/catalog/kofe-naturalnyj-molotyj-3/ has been purged, triggered by action: save_post 
[2025-02-23 06:50:34 : INFO] - Cache for multiple term taxonomy have been purged due to post terms update, triggered by action: set_object_terms 
[2025-02-23 06:50:34 : INFO] - Cache for multiple term taxonomy have been purged due to post terms update, triggered by action: set_object_terms 
[2025-02-23 06:50:34 : INFO] - Cache for multiple term taxonomy have been purged due to post terms update, triggered by action: set_object_terms 
[2025-02-23 06:50:34 : INFO] - Cache for URL: https://saridis.local/catalog/kofe-naturalnyj-molotyj-2/ has been purged, triggered by action: save_post 
[2025-02-23 06:50:36 : INFO] - Cache for multiple term taxonomy have been purged due to post terms update, triggered by action: set_object_terms 
[2025-02-23 06:50:37 : INFO] - Cache for multiple term taxonomy have been purged due to post terms update, triggered by action: set_object_terms 
[2025-02-23 06:50:37 : INFO] - Cache for multiple term taxonomy have been purged due to post terms update, triggered by action: set_object_terms 
[2025-02-23 06:50:37 : INFO] - Cache for URL: https://saridis.local/catalog/kofe-naturalnyj-molotyj/ has been purged, triggered by action: save_post 
[2025-02-23 06:54:52 : INFO] - Cache for multiple term taxonomy have been purged due to post terms update, triggered by action: set_object_terms 
[2025-02-23 06:54:53 : INFO] - Cache for multiple term taxonomy have been purged due to post terms update, triggered by action: set_object_terms 
[2025-02-23 06:54:53 : INFO] - Cache for multiple term taxonomy have been purged due to post terms update, triggered by action: set_object_terms 
[2025-02-23 06:54:53 : INFO] - Cache for URL: https://saridis.local/catalog/olivkovoe-maslo-extra-virgin-latzimas-pdo-2/ has been purged, triggered by action: save_post 
[2025-02-23 07:58:15 : INFO] - Cache for term page with URL: https://saridis.local/brand/eurimac/  have been purged, triggered by action: edit_terms 
[2025-02-23 07:58:15 : INFO] - Cache for associated posts for term with URL: https://saridis.local/brand/eurimac/ have been purged, triggered by action: edit_terms 
[2025-02-23 07:58:50 : INFO] - Cache for term page with URL: https://saridis.local/brand/brahimo/  have been purged, triggered by action: edit_terms 
[2025-02-23 07:58:50 : INFO] - Cache for associated posts for term with URL: https://saridis.local/brand/brahimo/ have been purged, triggered by action: edit_terms 
[2025-02-23 08:00:56 : INFO] - Cache for term page with URL: https://saridis.local/brand/eltha/  have been purged, triggered by action: edit_terms 
[2025-02-23 08:00:56 : INFO] - Cache for associated posts for term with URL: https://saridis.local/brand/eltha/ have been purged, triggered by action: edit_terms 
[2025-02-23 08:01:35 : INFO] - Cache for term page with URL: https://saridis.local/brand/latrovalis/  have been purged, triggered by action: edit_terms 
[2025-02-23 08:01:35 : INFO] - Cache for associated posts for term with URL: https://saridis.local/brand/latrovalis/ have been purged, triggered by action: edit_terms 
[2025-02-23 08:02:06 : INFO] - Cache for term page with URL: https://saridis.local/brand/brahimo/  have been purged, triggered by action: edit_terms 
[2025-02-23 08:02:06 : INFO] - Cache for associated posts for term with URL: https://saridis.local/brand/brahimo/ have been purged, triggered by action: edit_terms 
[2025-02-23 08:02:32 : INFO] - Cache for term page with URL: https://saridis.local/brand/latzimas-gold/  have been purged, triggered by action: edit_terms 
[2025-02-23 08:02:32 : INFO] - Cache for associated posts for term with URL: https://saridis.local/brand/latzimas-gold/ have been purged, triggered by action: edit_terms 
[2025-02-23 08:02:54 : INFO] - Cache for term page with URL: https://saridis.local/brand/loumidis-papagalos/  have been purged, triggered by action: edit_terms 
[2025-02-23 08:02:54 : INFO] - Cache for associated posts for term with URL: https://saridis.local/brand/loumidis-papagalos/ have been purged, triggered by action: edit_terms 
[2025-02-23 08:03:16 : INFO] - Cache for term page with URL: https://saridis.local/brand/makedoniki-gi/  have been purged, triggered by action: edit_terms 
[2025-02-23 08:03:16 : INFO] - Cache for associated posts for term with URL: https://saridis.local/brand/makedoniki-gi/ have been purged, triggered by action: edit_terms 
[2025-02-23 08:03:31 : INFO] - Cache for term page with URL: https://saridis.local/brand/meletiadis/  have been purged, triggered by action: edit_terms 
[2025-02-23 08:03:31 : INFO] - Cache for associated posts for term with URL: https://saridis.local/brand/meletiadis/ have been purged, triggered by action: edit_terms 
[2025-02-23 08:03:42 : INFO] - Cache for term page with URL: https://saridis.local/brand/onasis/  have been purged, triggered by action: edit_terms 
[2025-02-23 08:03:42 : INFO] - Cache for associated posts for term with URL: https://saridis.local/brand/onasis/ have been purged, triggered by action: edit_terms 
[2025-02-23 08:04:00 : INFO] - Cache for term page with URL: https://saridis.local/brand/papadopoulou/  have been purged, triggered by action: edit_terms 
[2025-02-23 08:04:00 : INFO] - Cache for associated posts for term with URL: https://saridis.local/brand/papadopoulou/ have been purged, triggered by action: edit_terms 
[2025-02-23 08:04:15 : INFO] - Cache for term page with URL: https://saridis.local/brand/saridis/  have been purged, triggered by action: edit_terms 
[2025-02-23 08:04:15 : INFO] - Cache for associated posts for term with URL: https://saridis.local/brand/saridis/ have been purged, triggered by action: edit_terms 
[2025-02-23 08:28:21 : INFO] - Cache for term page with URL: https://saridis.local/cats/konservacziya/  have been purged, triggered by action: edit_terms 
[2025-02-23 08:28:21 : INFO] - Cache for associated posts for term with URL: https://saridis.local/cats/konservacziya/ have been purged, triggered by action: edit_terms 
[2025-02-23 08:28:23 : INFO] - Cache for term page with URL: https://saridis.local/cats/kofe-i-chaj/  have been purged, triggered by action: edit_terms 
[2025-02-23 08:28:23 : INFO] - Cache for associated posts for term with URL: https://saridis.local/cats/kofe-i-chaj/ have been purged, triggered by action: edit_terms 
[2025-02-23 08:28:25 : INFO] - Cache for term page with URL: https://saridis.local/cats/makarony/  have been purged, triggered by action: edit_terms 
[2025-02-23 08:28:25 : INFO] - Cache for associated posts for term with URL: https://saridis.local/cats/makarony/ have been purged, triggered by action: edit_terms 
[2025-02-23 08:28:27 : INFO] - Cache for term page with URL: https://saridis.local/cats/olivki/  have been purged, triggered by action: edit_terms 
[2025-02-23 08:28:27 : INFO] - Cache for associated posts for term with URL: https://saridis.local/cats/olivki/ have been purged, triggered by action: edit_terms 
[2025-02-23 08:28:30 : INFO] - Cache for term page with URL: https://saridis.local/cats/olivkovoe-maslo/  have been purged, triggered by action: edit_terms 
[2025-02-23 08:28:30 : INFO] - Cache for associated posts for term with URL: https://saridis.local/cats/olivkovoe-maslo/ have been purged, triggered by action: edit_terms 
[2025-02-23 08:28:42 : INFO] - Cache for term page with URL: https://saridis.local/cats/prochie-masla-sousy-i-uksusy/  have been purged, triggered by action: edit_terms 
[2025-02-23 08:28:42 : INFO] - Cache for associated posts for term with URL: https://saridis.local/cats/prochie-masla-sousy-i-uksusy/ have been purged, triggered by action: edit_terms 
[2025-02-23 08:28:44 : INFO] - Cache for term page with URL: https://saridis.local/cats/sladosti/  have been purged, triggered by action: edit_terms 
[2025-02-23 08:28:44 : INFO] - Cache for associated posts for term with URL: https://saridis.local/cats/sladosti/ have been purged, triggered by action: edit_terms 
[2025-02-23 08:28:47 : INFO] - Cache for term page with URL: https://saridis.local/cats/hlopya-i-granoly/  have been purged, triggered by action: edit_terms 
[2025-02-23 18:50:07 : INFO] - Cache for URL: https://saridis.local/ has been purged, triggered by action: save_post 
[2025-02-23 18:53:20 : INFO] - Cache for URL: https://saridis.local/ has been purged, triggered by action: save_post 
[2025-02-23 18:55:26 : INFO] - Cache for URL: https://saridis.local/ has been purged, triggered by action: save_post 
[2025-02-27 17:03:35 : INFO] - Cache for URL: https://saridis.local/catalog/maslo-olivkovoe-pomace-koko-3/ has been purged, triggered by action: wp_trash_post 
[2025-02-27 17:03:36 : INFO] - Cache for URL: https://saridis.local/?post_type=catalog&p=465 has been purged, triggered by action: save_post 
[2025-02-27 17:03:36 : INFO] - Cache for URL: https://saridis.local/catalog/maslo-olivkovoe-pomace-koko-2/ has been purged, triggered by action: wp_trash_post 
[2025-02-27 17:03:37 : INFO] - Cache for URL: https://saridis.local/?post_type=catalog&p=464 has been purged, triggered by action: save_post 
[2025-02-27 17:03:37 : INFO] - Cache for URL: https://saridis.local/catalog/maslo-olivkovoe-pomace-saridis-3/ has been purged, triggered by action: wp_trash_post 
[2025-02-27 17:03:37 : INFO] - Cache for URL: https://saridis.local/?post_type=catalog&p=462 has been purged, triggered by action: save_post 
[2025-02-27 17:03:37 : INFO] - Cache for URL: https://saridis.local/catalog/maslo-olivkovoe-pomace-koko/ has been purged, triggered by action: wp_trash_post 
[2025-02-27 17:03:38 : INFO] - Cache for URL: https://saridis.local/?post_type=catalog&p=463 has been purged, triggered by action: save_post 
[2025-02-27 17:03:38 : INFO] - Cache for URL: https://saridis.local/catalog/maslo-olivkovoe-pomace-saridis/ has been purged, triggered by action: wp_trash_post 
[2025-02-27 17:03:38 : INFO] - Cache for URL: https://saridis.local/?post_type=catalog&p=460 has been purged, triggered by action: save_post 
[2025-02-27 17:03:38 : INFO] - Cache for URL: https://saridis.local/catalog/maslo-olivkovoe-pomace-saridis-2/ has been purged, triggered by action: wp_trash_post 
[2025-02-27 17:03:39 : INFO] - Cache for URL: https://saridis.local/?post_type=catalog&p=461 has been purged, triggered by action: save_post 
[2025-02-27 17:03:39 : INFO] - Cache for URL: https://saridis.local/catalog/olivkovoe-maslo-extra-virgin-mylopotamos-pdo/ has been purged, triggered by action: wp_trash_post 
[2025-02-27 17:03:40 : INFO] - Cache for URL: https://saridis.local/?post_type=catalog&p=459 has been purged, triggered by action: save_post 
[2025-02-27 17:03:40 : INFO] - Cache for URL: https://saridis.local/catalog/olivkovoe-maslo-extra-virgin-sitia-of-gold-pdo-3/ has been purged, triggered by action: wp_trash_post 
[2025-02-27 17:03:40 : INFO] - Cache for URL: https://saridis.local/?post_type=catalog&p=457 has been purged, triggered by action: save_post 
[2025-02-27 17:03:40 : INFO] - Cache for URL: https://saridis.local/catalog/olivkovoe-maslo-extra-virgin-sitia-of-gold-pdo-4/ has been purged, triggered by action: wp_trash_post 
[2025-02-27 17:03:41 : INFO] - Cache for URL: https://saridis.local/?post_type=catalog&p=458 has been purged, triggered by action: save_post 
[2025-02-27 17:03:41 : INFO] - Cache for URL: https://saridis.local/catalog/olivkovoe-maslo-extra-virgin-sitia-of-gold-pdo/ has been purged, triggered by action: wp_trash_post 
[2025-02-27 17:03:41 : INFO] - Cache for URL: https://saridis.local/?post_type=catalog&p=455 has been purged, triggered by action: save_post 
[2025-02-27 17:03:42 : INFO] - Cache for URL: https://saridis.local/catalog/olivkovoe-maslo-extra-virgin-sitia-of-gold-pdo-2/ has been purged, triggered by action: wp_trash_post 
[2025-02-27 17:03:42 : INFO] - Cache for URL: https://saridis.local/?post_type=catalog&p=456 has been purged, triggered by action: save_post 
[2025-02-27 17:03:42 : INFO] - Cache for URL: https://saridis.local/catalog/olivkovoe-maslo-extra-virgin-saridis-1-l-pdo-3/ has been purged, triggered by action: wp_trash_post 
[2025-02-27 17:03:43 : INFO] - Cache for URL: https://saridis.local/?post_type=catalog&p=454 has been purged, triggered by action: save_post 
[2025-02-27 17:03:43 : INFO] - Cache for URL: https://saridis.local/catalog/olivkovoe-maslo-extra-virgin-saridis-1-l-pdo/ has been purged, triggered by action: wp_trash_post 
[2025-02-27 17:03:43 : INFO] - Cache for URL: https://saridis.local/?post_type=catalog&p=452 has been purged, triggered by action: save_post 
[2025-02-27 17:03:43 : INFO] - Cache for URL: https://saridis.local/catalog/olivkovoe-maslo-extra-virgin-saridis-1-l-pdo-2/ has been purged, triggered by action: wp_trash_post 
[2025-02-27 17:03:44 : INFO] - Cache for URL: https://saridis.local/?post_type=catalog&p=453 has been purged, triggered by action: save_post 
[2025-02-27 17:03:44 : INFO] - Cache for URL: https://saridis.local/catalog/olivkovoe-maslo-extra-virgin-kalamata-estate-pdo-4/ has been purged, triggered by action: wp_trash_post 
[2025-02-27 17:03:44 : INFO] - Cache for URL: https://saridis.local/?post_type=catalog&p=451 has been purged, triggered by action: save_post 
[2025-02-27 17:03:44 : INFO] - Cache for URL: https://saridis.local/catalog/olivkovoe-maslo-extra-virgin-kalamata-estate-pdo-2/ has been purged, triggered by action: wp_trash_post 
[2025-02-27 17:03:45 : INFO] - Cache for URL: https://saridis.local/?post_type=catalog&p=449 has been purged, triggered by action: save_post 
[2025-02-27 17:03:45 : INFO] - Cache for URL: https://saridis.local/catalog/olivkovoe-maslo-extra-virgin-kalamata-estate-pdo-3/ has been purged, triggered by action: wp_trash_post 
[2025-02-27 17:03:46 : INFO] - Cache for URL: https://saridis.local/?post_type=catalog&p=450 has been purged, triggered by action: save_post 
[2025-02-27 17:03:46 : INFO] - Cache for URL: https://saridis.local/catalog/olivkovoe-maslo-extra-virgin-latzimas-gold-pdo-3/ has been purged, triggered by action: wp_trash_post 
[2025-02-27 17:03:46 : INFO] - Cache for URL: https://saridis.local/?post_type=catalog&p=447 has been purged, triggered by action: save_post 
[2025-02-27 17:03:46 : INFO] - Cache for URL: https://saridis.local/catalog/olivkovoe-maslo-extra-virgin-kalamata-estate-pdo/ has been purged, triggered by action: wp_trash_post 
[2025-02-27 17:03:47 : INFO] - Cache for URL: https://saridis.local/?post_type=catalog&p=448 has been purged, triggered by action: save_post 
[2025-02-27 17:03:47 : INFO] - Cache for URL: https://saridis.local/catalog/olivkovoe-maslo-extra-virgin-latzimas-pdo/ has been purged, triggered by action: wp_trash_post 
[2025-02-27 17:03:47 : INFO] - Cache for URL: https://saridis.local/?post_type=catalog&p=445 has been purged, triggered by action: save_post 
[2025-02-27 17:04:00 : INFO] - Cache for URL: https://saridis.local/catalog/olivkovoe-maslo-extra-virgin-latzimas-pdo-2/ has been purged, triggered by action: wp_trash_post 
[2025-02-27 17:04:01 : INFO] - Cache for URL: https://saridis.local/?post_type=catalog&p=446 has been purged, triggered by action: save_post 
[2025-02-27 17:04:01 : INFO] - Cache for URL: https://saridis.local/catalog/olivkovoe-maslo-extra-virgin-latzimas-gold-pdo/ has been purged, triggered by action: wp_trash_post 
[2025-02-27 17:04:01 : INFO] - Cache for URL: https://saridis.local/?post_type=catalog&p=443 has been purged, triggered by action: save_post 
[2025-02-27 17:04:01 : INFO] - Cache for URL: https://saridis.local/catalog/olivkovoe-maslo-extra-virgin-latzimas-gold-pdo-2/ has been purged, triggered by action: wp_trash_post 
[2025-02-27 17:04:02 : INFO] - Cache for URL: https://saridis.local/?post_type=catalog&p=444 has been purged, triggered by action: save_post 
[2025-02-27 17:04:02 : INFO] - Cache for URL: https://saridis.local/catalog/sok-limonyj-konczentrat/ has been purged, triggered by action: wp_trash_post 
[2025-02-27 17:04:02 : INFO] - Cache for URL: https://saridis.local/?post_type=catalog&p=442 has been purged, triggered by action: save_post 
[2025-02-27 17:04:02 : INFO] - Cache for URL: https://saridis.local/catalog/uksus-yablochnyj/ has been purged, triggered by action: wp_trash_post 
[2025-02-27 17:04:03 : INFO] - Cache for URL: https://saridis.local/?post_type=catalog&p=441 has been purged, triggered by action: save_post 
[2025-02-27 17:04:03 : INFO] - Cache for URL: https://saridis.local/catalog/sous-balzamicheskij-s-granatom-bez-sahara/ has been purged, triggered by action: wp_trash_post 
[2025-02-27 17:04:04 : INFO] - Cache for URL: https://saridis.local/?post_type=catalog&p=439 has been purged, triggered by action: save_post 
[2025-02-27 17:04:04 : INFO] - Cache for URL: https://saridis.local/catalog/uksus-vinnyj-krasnyj/ has been purged, triggered by action: wp_trash_post 
[2025-02-27 17:04:04 : INFO] - Cache for URL: https://saridis.local/?post_type=catalog&p=440 has been purged, triggered by action: save_post 
[2025-02-27 17:04:04 : INFO] - Cache for URL: https://saridis.local/catalog/balzamicheskij-sous-s-medom/ has been purged, triggered by action: wp_trash_post 
[2025-02-27 17:04:05 : INFO] - Cache for URL: https://saridis.local/?post_type=catalog&p=437 has been purged, triggered by action: save_post 
[2025-02-27 17:04:05 : INFO] - Cache for URL: https://saridis.local/catalog/balzamicheskij-sous-s-soevym-sousom/ has been purged, triggered by action: wp_trash_post 
[2025-02-27 17:04:05 : INFO] - Cache for URL: https://saridis.local/?post_type=catalog&p=438 has been purged, triggered by action: save_post 
[2025-02-27 17:04:05 : INFO] - Cache for URL: https://saridis.local/catalog/balzamicheskij-sous-s-vishnej/ has been purged, triggered by action: wp_trash_post 
[2025-02-27 17:04:06 : INFO] - Cache for URL: https://saridis.local/?post_type=catalog&p=435 has been purged, triggered by action: save_post 
[2025-02-27 17:04:06 : INFO] - Cache for URL: https://saridis.local/catalog/balzamicheskij-sous-s-limonom/ has been purged, triggered by action: wp_trash_post 
[2025-02-27 17:04:06 : INFO] - Cache for URL: https://saridis.local/?post_type=catalog&p=436 has been purged, triggered by action: save_post 
[2025-02-27 17:04:06 : INFO] - Cache for URL: https://saridis.local/catalog/balzamicheskij-sous-s-lesnymi-yagodami/ has been purged, triggered by action: wp_trash_post 
[2025-02-27 17:04:07 : INFO] - Cache for URL: https://saridis.local/?post_type=catalog&p=433 has been purged, triggered by action: save_post 
[2025-02-27 17:04:07 : INFO] - Cache for URL: https://saridis.local/catalog/balzamicheskij-sous-chili/ has been purged, triggered by action: wp_trash_post 
[2025-02-27 17:04:08 : INFO] - Cache for URL: https://saridis.local/?post_type=catalog&p=434 has been purged, triggered by action: save_post 
[2025-02-27 17:04:08 : INFO] - Cache for URL: https://saridis.local/catalog/balzamicheskij-sous-barbekyu/ has been purged, triggered by action: wp_trash_post 
[2025-02-27 17:04:08 : INFO] - Cache for URL: https://saridis.local/?post_type=catalog&p=432 has been purged, triggered by action: save_post 
[2025-02-27 17:04:08 : INFO] - Cache for URL: https://saridis.local/catalog/sous-balzamicheskij-s-apelsinom/ has been purged, triggered by action: wp_trash_post 
[2025-02-27 17:04:09 : INFO] - Cache for URL: https://saridis.local/?post_type=catalog&p=430 has been purged, triggered by action: save_post 
[2025-02-27 17:04:09 : INFO] - Cache for URL: https://saridis.local/catalog/balzamicheskij-sous-s-granatom/ has been purged, triggered by action: wp_trash_post 
[2025-02-27 17:04:10 : INFO] - Cache for URL: https://saridis.local/?post_type=catalog&p=431 has been purged, triggered by action: save_post 
[2025-02-27 17:04:10 : INFO] - Cache for URL: https://saridis.local/catalog/balzamicheskij-sous-s-klubnikoj/ has been purged, triggered by action: wp_trash_post 
[2025-02-27 17:04:10 : INFO] - Cache for URL: https://saridis.local/?post_type=catalog&p=429 has been purged, triggered by action: save_post 
[2025-02-27 17:04:10 : INFO] - Cache for URL: https://saridis.local/catalog/belyj-balzamicheskij-sous/ has been purged, triggered by action: wp_trash_post 
[2025-02-27 17:04:11 : INFO] - Cache for URL: https://saridis.local/?post_type=catalog&p=427 has been purged, triggered by action: save_post 
[2025-02-27 17:04:11 : INFO] - Cache for URL: https://saridis.local/catalog/sous-balzamicheskij-s-inzhirom/ has been purged, triggered by action: wp_trash_post 
[2025-02-27 17:04:11 : INFO] - Cache for URL: https://saridis.local/?post_type=catalog&p=428 has been purged, triggered by action: save_post 
[2025-02-27 17:04:11 : INFO] - Cache for URL: https://saridis.local/catalog/balzamicheskij-sous-klassicheskij/ has been purged, triggered by action: wp_trash_post 
[2025-02-27 17:04:12 : INFO] - Cache for URL: https://saridis.local/?post_type=catalog&p=426 has been purged, triggered by action: save_post 
[2025-02-27 17:04:16 : INFO] - Cache for URL: https://saridis.local/catalog/gorchicza-myagkaya-mustard-42kg-soft/ has been purged, triggered by action: wp_trash_post 
[2025-02-27 17:04:17 : INFO] - Cache for URL: https://saridis.local/?post_type=catalog&p=424 has been purged, triggered by action: save_post 
[2025-02-27 17:04:17 : INFO] - Cache for URL: https://saridis.local/catalog/gorchicza-myagkaya-mustard-45kg-soft/ has been purged, triggered by action: wp_trash_post 
[2025-02-27 17:04:17 : INFO] - Cache for URL: https://saridis.local/?post_type=catalog&p=425 has been purged, triggered by action: save_post 
[2025-02-27 17:04:17 : INFO] - Cache for URL: https://saridis.local/catalog/ketchup-so-steviej-condito-pl-but/ has been purged, triggered by action: wp_trash_post 
[2025-02-27 17:04:18 : INFO] - Cache for URL: https://saridis.local/?post_type=catalog&p=423 has been purged, triggered by action: save_post 
[2025-02-27 17:04:18 : INFO] - Cache for URL: https://saridis.local/catalog/ketchup-bez-sahara-condito-pl-but/ has been purged, triggered by action: wp_trash_post 
[2025-02-27 17:04:19 : INFO] - Cache for URL: https://saridis.local/?post_type=catalog&p=422 has been purged, triggered by action: save_post 
[2025-02-27 17:04:19 : INFO] - Cache for URL: https://saridis.local/catalog/maslo-kukuruznoe/ has been purged, triggered by action: wp_trash_post 
[2025-02-27 17:04:19 : INFO] - Cache for URL: https://saridis.local/?post_type=catalog&p=421 has been purged, triggered by action: save_post 
[2025-02-27 17:04:19 : INFO] - Cache for URL: https://saridis.local/catalog/olivki-zelenye-i-olivki-kalamata-s-kostochkoj-mix-2/ has been purged, triggered by action: wp_trash_post 
[2025-02-27 17:04:20 : INFO] - Cache for URL: https://saridis.local/?post_type=catalog&p=420 has been purged, triggered by action: save_post 
[2025-02-27 17:04:20 : INFO] - Cache for URL: https://saridis.local/catalog/olivki-zelenye-i-olivki-kalamata-s-kostochkoj-mix/ has been purged, triggered by action: wp_trash_post 
[2025-02-27 17:04:20 : INFO] - Cache for URL: https://saridis.local/?post_type=catalog&p=419 has been purged, triggered by action: save_post 
[2025-02-27 17:04:20 : INFO] - Cache for URL: https://saridis.local/catalog/olivki-vyalenye-throumba-thassos-2/ has been purged, triggered by action: wp_trash_post 
[2025-02-27 17:04:21 : INFO] - Cache for URL: https://saridis.local/?post_type=catalog&p=418 has been purged, triggered by action: save_post 
[2025-02-27 17:04:21 : INFO] - Cache for URL: https://saridis.local/catalog/olivki-vyalenye-throumba-thassos/ has been purged, triggered by action: wp_trash_post 
[2025-02-27 17:04:22 : INFO] - Cache for URL: https://saridis.local/?post_type=catalog&p=417 has been purged, triggered by action: save_post 
[2025-02-27 17:04:22 : INFO] - Cache for URL: https://saridis.local/catalog/masliny-s-kostochkoj-s-mammouth-91-100/ has been purged, triggered by action: wp_trash_post 
[2025-02-27 17:04:22 : INFO] - Cache for URL: https://saridis.local/?post_type=catalog&p=415 has been purged, triggered by action: save_post 
[2025-02-27 17:04:22 : INFO] - Cache for URL: https://saridis.local/catalog/masliny-bez-kostochek-s-mammouth-91-100/ has been purged, triggered by action: wp_trash_post 
[2025-02-27 17:04:23 : INFO] - Cache for URL: https://saridis.local/?post_type=catalog&p=416 has been purged, triggered by action: save_post 
[2025-02-27 17:04:23 : INFO] - Cache for URL: https://saridis.local/catalog/olivki-zelenye-bez-kostocheks-mammouth-91-100/ has been purged, triggered by action: wp_trash_post 
[2025-02-27 17:04:23 : INFO] - Cache for URL: https://saridis.local/?post_type=catalog&p=414 has been purged, triggered by action: save_post 
[2025-02-27 17:04:23 : INFO] - Cache for URL: https://saridis.local/catalog/olivki-zelenye-s-kostochkami-s-mammouth-91-100/ has been purged, triggered by action: wp_trash_post 
[2025-02-27 17:04:24 : INFO] - Cache for URL: https://saridis.local/?post_type=catalog&p=413 has been purged, triggered by action: save_post 
[2025-02-27 17:04:24 : INFO] - Cache for URL: https://saridis.local/catalog/olivki-kalamata-s-kostochkoj-v-rassole-jumbo-181-200/ has been purged, triggered by action: wp_trash_post 
[2025-02-27 17:04:24 : INFO] - Cache for URL: https://saridis.local/?post_type=catalog&p=412 has been purged, triggered by action: save_post 
[2025-02-27 17:04:24 : INFO] - Cache for URL: https://saridis.local/catalog/olivki-bez-kostochek-v-rassole-mammouth-111-120/ has been purged, triggered by action: wp_trash_post 
[2025-02-27 17:04:25 : INFO] - Cache for URL: https://saridis.local/?post_type=catalog&p=411 has been purged, triggered by action: save_post 
[2025-02-27 17:04:25 : INFO] - Cache for URL: https://saridis.local/catalog/olivki-s-kostochkoj-101-110/ has been purged, triggered by action: wp_trash_post 
[2025-02-27 17:04:25 : INFO] - Cache for URL: https://saridis.local/?post_type=catalog&p=410 has been purged, triggered by action: save_post 
[2025-02-27 17:04:25 : INFO] - Cache for URL: https://saridis.local/catalog/masliny-bez-kostochek-v-rassole-superior-111-120/ has been purged, triggered by action: wp_trash_post 
[2025-02-27 17:04:26 : INFO] - Cache for URL: https://saridis.local/?post_type=catalog&p=409 has been purged, triggered by action: save_post 
[2025-02-27 17:04:26 : INFO] - Cache for URL: https://saridis.local/catalog/masliny-s-kostochkoj-70-90/ has been purged, triggered by action: wp_trash_post 
[2025-02-27 17:04:27 : INFO] - Cache for URL: https://saridis.local/?post_type=catalog&p=408 has been purged, triggered by action: save_post 
[2025-02-27 17:04:27 : INFO] - Cache for URL: https://saridis.local/catalog/olivki-kalamon-bez-kostochki-v-rassole-jumbo-181-201/ has been purged, triggered by action: wp_trash_post 
[2025-02-27 17:04:27 : INFO] - Cache for URL: https://saridis.local/?post_type=catalog&p=407 has been purged, triggered by action: save_post 
[2025-02-27 17:04:27 : INFO] - Cache for URL: https://saridis.local/catalog/olivki-kalamon-s-kostochkoj-v-rassole-jumbo-181-200/ has been purged, triggered by action: wp_trash_post 
[2025-02-27 17:04:28 : INFO] - Cache for URL: https://saridis.local/?post_type=catalog&p=406 has been purged, triggered by action: save_post 
[2025-02-27 17:04:34 : INFO] - Cache for URL: https://saridis.local/catalog/olivki-kalamon-s-kostochkoj-v-rassole-extra-jumbo-161-180-2/ has been purged, triggered by action: wp_trash_post 
[2025-02-27 17:04:35 : INFO] - Cache for URL: https://saridis.local/?post_type=catalog&p=405 has been purged, triggered by action: save_post 
[2025-02-27 17:04:35 : INFO] - Cache for URL: https://saridis.local/catalog/olivki-s-mindalem-v-rassole/ has been purged, triggered by action: wp_trash_post 
[2025-02-27 17:04:35 : INFO] - Cache for URL: https://saridis.local/?post_type=catalog&p=404 has been purged, triggered by action: save_post 
[2025-02-27 17:04:35 : INFO] - Cache for URL: https://saridis.local/catalog/olivki-s-kostochkoj-v-rassole-atlas-91-100/ has been purged, triggered by action: wp_trash_post 
[2025-02-27 17:04:36 : INFO] - Cache for URL: https://saridis.local/?post_type=catalog&p=403 has been purged, triggered by action: save_post 
[2025-02-27 17:04:36 : INFO] - Cache for URL: https://saridis.local/catalog/olivki-s-kostochkoj-v-rassole-atlas-71-90-2/ has been purged, triggered by action: wp_trash_post 
[2025-02-27 17:04:36 : INFO] - Cache for URL: https://saridis.local/?post_type=catalog&p=402 has been purged, triggered by action: save_post 
[2025-02-27 17:04:36 : INFO] - Cache for URL: https://saridis.local/catalog/olivki-bez-kostochek-v-rassole-superior-70-91-2/ has been purged, triggered by action: wp_trash_post 
[2025-02-27 17:04:37 : INFO] - Cache for URL: https://saridis.local/?post_type=catalog&p=401 has been purged, triggered by action: save_post 
[2025-02-27 17:04:37 : INFO] - Cache for URL: https://saridis.local/catalog/masliny-s-kostochkami-v-rassole-super-mammouth-91-100/ has been purged, triggered by action: wp_trash_post 
[2025-02-27 17:04:37 : INFO] - Cache for URL: https://saridis.local/?post_type=catalog&p=400 has been purged, triggered by action: save_post 
[2025-02-27 17:04:37 : INFO] - Cache for URL: https://saridis.local/catalog/masliny-s-kostochkoj-v-rassole-atlas-70-90-2/ has been purged, triggered by action: wp_trash_post 
[2025-02-27 17:04:38 : INFO] - Cache for URL: https://saridis.local/?post_type=catalog&p=399 has been purged, triggered by action: save_post 
[2025-02-27 17:04:38 : INFO] - Cache for URL: https://saridis.local/catalog/olivki-kalamon-s-kostochkoj-v-rassole-extra-jumbo-161-180/ has been purged, triggered by action: wp_trash_post 
[2025-02-27 17:04:39 : INFO] - Cache for URL: https://saridis.local/?post_type=catalog&p=398 has been purged, triggered by action: save_post 
[2025-02-27 17:04:39 : INFO] - Cache for URL: https://saridis.local/catalog/olivki-bez-kostochek-v-rassole-superior-101-110/ has been purged, triggered by action: wp_trash_post 
[2025-02-27 17:04:39 : INFO] - Cache for URL: https://saridis.local/?post_type=catalog&p=397 has been purged, triggered by action: save_post 
[2025-02-27 17:04:39 : INFO] - Cache for URL: https://saridis.local/catalog/olivki-bez-kostochek-v-rassole-superior-70-91/ has been purged, triggered by action: wp_trash_post 
[2025-02-27 17:04:40 : INFO] - Cache for URL: https://saridis.local/?post_type=catalog&p=396 has been purged, triggered by action: save_post 
[2025-02-27 17:04:40 : INFO] - Cache for URL: https://saridis.local/catalog/olivki-s-kostochkoj-v-rassole-atlas-101-110/ has been purged, triggered by action: wp_trash_post 
[2025-02-27 17:04:40 : INFO] - Cache for URL: https://saridis.local/?post_type=catalog&p=395 has been purged, triggered by action: save_post 
[2025-02-27 17:04:40 : INFO] - Cache for URL: https://saridis.local/catalog/olivki-s-kostochkoj-v-rassole-atlas-71-90/ has been purged, triggered by action: wp_trash_post 
[2025-02-27 17:04:41 : INFO] - Cache for URL: https://saridis.local/?post_type=catalog&p=394 has been purged, triggered by action: save_post 
[2025-02-27 17:04:41 : INFO] - Cache for URL: https://saridis.local/catalog/masliny-bez-kostochek-v-rassole-superior-101-110/ has been purged, triggered by action: wp_trash_post 
[2025-02-27 17:04:42 : INFO] - Cache for URL: https://saridis.local/?post_type=catalog&p=393 has been purged, triggered by action: save_post 
[2025-02-27 17:04:42 : INFO] - Cache for URL: https://saridis.local/catalog/masliny-s-kostochkoj-v-rassole-super-mammouth-101-110-2/ has been purged, triggered by action: wp_trash_post 
[2025-02-27 17:04:42 : INFO] - Cache for URL: https://saridis.local/?post_type=catalog&p=392 has been purged, triggered by action: save_post 
[2025-02-27 17:04:42 : INFO] - Cache for URL: https://saridis.local/catalog/masliny-s-kostochkoj-v-rassole-super-mammouth-111-120/ has been purged, triggered by action: wp_trash_post 
[2025-02-27 17:04:43 : INFO] - Cache for URL: https://saridis.local/?post_type=catalog&p=391 has been purged, triggered by action: save_post 
[2025-02-27 17:04:43 : INFO] - Cache for URL: https://saridis.local/catalog/masliny-s-kostochkoj-v-rassole-super-mammouth-91-100/ has been purged, triggered by action: wp_trash_post 
[2025-02-27 17:04:43 : INFO] - Cache for URL: https://saridis.local/?post_type=catalog&p=389 has been purged, triggered by action: save_post 
[2025-02-27 17:04:43 : INFO] - Cache for URL: https://saridis.local/catalog/masliny-s-kostochkoj-v-rassole-super-mammouth-101-110/ has been purged, triggered by action: wp_trash_post 
[2025-02-27 17:04:44 : INFO] - Cache for URL: https://saridis.local/?post_type=catalog&p=390 has been purged, triggered by action: save_post 
[2025-02-27 17:04:44 : INFO] - Cache for URL: https://saridis.local/catalog/masliny-s-kostochkoj-v-rassole-atlas-70-90/ has been purged, triggered by action: wp_trash_post 
[2025-02-27 17:04:45 : INFO] - Cache for URL: https://saridis.local/?post_type=catalog&p=388 has been purged, triggered by action: save_post 
[2025-02-27 17:04:45 : INFO] - Cache for URL: https://saridis.local/catalog/perecz-zapechennyj-krasnyj-i-zheltyj-buono-350-gr-st-b/ has been purged, triggered by action: wp_trash_post 
[2025-02-27 17:04:45 : INFO] - Cache for URL: https://saridis.local/?post_type=catalog&p=387 has been purged, triggered by action: save_post 
[2025-02-27 17:04:45 : INFO] - Cache for URL: https://saridis.local/catalog/perecz-zapechennyj-krasnyj-buono-350-gr/ has been purged, triggered by action: wp_trash_post 
[2025-02-27 17:04:46 : INFO] - Cache for URL: https://saridis.local/?post_type=catalog&p=386 has been purged, triggered by action: save_post 
[2025-02-27 17:07:18 : INFO] - Cache for URL: https://saridis.local/catalog/perecz-zolotistyj-marinovanyj-makedoniko-7-kg/ has been purged, triggered by action: wp_trash_post 
[2025-02-27 17:07:19 : INFO] - Cache for URL: https://saridis.local/?post_type=catalog&p=384 has been purged, triggered by action: save_post 
[2025-02-27 17:07:19 : INFO] - Cache for URL: https://saridis.local/catalog/perecz-zolotistyj-marinovanyj-makedoniko/ has been purged, triggered by action: wp_trash_post 
[2025-02-27 17:07:20 : INFO] - Cache for URL: https://saridis.local/?post_type=catalog&p=385 has been purged, triggered by action: save_post 
[2025-02-27 17:07:20 : INFO] - Cache for URL: https://saridis.local/catalog/perecz-zolotistyj-marinovanyj-makedoniko-25-kg/ has been purged, triggered by action: wp_trash_post 
[2025-02-27 17:07:20 : INFO] - Cache for URL: https://saridis.local/?post_type=catalog&p=383 has been purged, triggered by action: save_post 
[2025-02-27 17:07:20 : INFO] - Cache for URL: https://saridis.local/catalog/perecz-cherry-zelenyj-18-kg/ has been purged, triggered by action: wp_trash_post 
[2025-02-27 17:07:21 : INFO] - Cache for URL: https://saridis.local/?post_type=catalog&p=382 has been purged, triggered by action: save_post 
[2025-02-27 17:07:21 : INFO] - Cache for URL: https://saridis.local/catalog/perecz-cherry-zheltyj-18-kg/ has been purged, triggered by action: wp_trash_post 
[2025-02-27 17:07:21 : INFO] - Cache for URL: https://saridis.local/?post_type=catalog&p=381 has been purged, triggered by action: save_post 
[2025-02-27 17:07:21 : INFO] - Cache for URL: https://saridis.local/catalog/perecz-cherry-krasnyj-18-kg/ has been purged, triggered by action: wp_trash_post 
[2025-02-27 17:07:22 : INFO] - Cache for URL: https://saridis.local/?post_type=catalog&p=380 has been purged, triggered by action: save_post 
[2025-02-27 17:07:22 : INFO] - Cache for URL: https://saridis.local/catalog/fasol-pechenaya-v-tomatnom-souse-2/ has been purged, triggered by action: wp_trash_post 
[2025-02-27 17:07:22 : INFO] - Cache for URL: https://saridis.local/?post_type=catalog&p=379 has been purged, triggered by action: save_post 
[2025-02-27 17:07:22 : INFO] - Cache for URL: https://saridis.local/catalog/fasol-pechenaya-v-tomatnom-souse/ has been purged, triggered by action: wp_trash_post 
[2025-02-27 17:07:23 : INFO] - Cache for URL: https://saridis.local/?post_type=catalog&p=378 has been purged, triggered by action: save_post 
[2025-02-27 17:07:23 : INFO] - Cache for URL: https://saridis.local/catalog/baklazhany-pechenye-pashtet-dlya-melidzanosalata/ has been purged, triggered by action: wp_trash_post 
[2025-02-27 17:07:23 : INFO] - Cache for URL: https://saridis.local/?post_type=catalog&p=377 has been purged, triggered by action: save_post 
[2025-02-27 17:07:23 : INFO] - Cache for URL: https://saridis.local/catalog/baklazhany-pechenye-v-tomatnom-souse/ has been purged, triggered by action: wp_trash_post 
[2025-02-27 17:07:24 : INFO] - Cache for URL: https://saridis.local/?post_type=catalog&p=376 has been purged, triggered by action: save_post 
[2025-02-27 17:07:24 : INFO] - Cache for URL: https://saridis.local/catalog/vyalenye-tomaty-v-rastitelnom-masle-so-specziyami-3/ has been purged, triggered by action: wp_trash_post 
[2025-02-27 17:07:24 : INFO] - Cache for URL: https://saridis.local/?post_type=catalog&p=375 has been purged, triggered by action: save_post 
[2025-02-27 17:07:24 : INFO] - Cache for URL: https://saridis.local/catalog/vyalenye-tomaty-v-rastitelnom-masle-so-specziyami-2/ has been purged, triggered by action: wp_trash_post 
[2025-02-27 17:07:25 : INFO] - Cache for URL: https://saridis.local/?post_type=catalog&p=374 has been purged, triggered by action: save_post 
[2025-02-27 17:07:25 : INFO] - Cache for URL: https://saridis.local/catalog/vyalenye-tomaty-v-rastitelnom-masle-so-specziyami/ has been purged, triggered by action: wp_trash_post 
[2025-02-27 17:07:25 : INFO] - Cache for URL: https://saridis.local/?post_type=catalog&p=373 has been purged, triggered by action: save_post 
[2025-02-27 17:07:25 : INFO] - Cache for URL: https://saridis.local/catalog/makaronnye-izdeliya-ditalini-ellinikos-sitos/ has been purged, triggered by action: wp_trash_post 
[2025-02-27 17:07:26 : INFO] - Cache for URL: https://saridis.local/?post_type=catalog&p=372 has been purged, triggered by action: save_post 
[2025-02-27 17:07:26 : INFO] - Cache for URL: https://saridis.local/catalog/makaronnye-izdeliya-penne-ellinikos-sitos/ has been purged, triggered by action: wp_trash_post 
[2025-02-27 17:07:27 : INFO] - Cache for URL: https://saridis.local/?post_type=catalog&p=371 has been purged, triggered by action: save_post 
[2025-02-27 17:07:27 : INFO] - Cache for URL: https://saridis.local/catalog/makaronye-izdeliya-spaghettini-%e2%84%966-ellinikos-sitos-iz-czelnozernovoj-muki/ has been purged, triggered by action: wp_trash_post 
[2025-02-27 17:07:27 : INFO] - Cache for URL: https://saridis.local/?post_type=catalog&p=370 has been purged, triggered by action: save_post 
[2025-02-27 17:07:27 : INFO] - Cache for URL: https://saridis.local/catalog/makaronye-izdeliya-spaghettini-%e2%84%966-ellinikos-sitos/ has been purged, triggered by action: wp_trash_post 
[2025-02-27 17:07:28 : INFO] - Cache for URL: https://saridis.local/?post_type=catalog&p=369 has been purged, triggered by action: save_post 
[2025-02-27 17:07:28 : INFO] - Cache for URL: https://saridis.local/catalog/makaronye-izdeliya-bucatini-%e2%84%962-ellinikos-sitos/ has been purged, triggered by action: wp_trash_post 
[2025-02-27 17:07:28 : INFO] - Cache for URL: https://saridis.local/?post_type=catalog&p=367 has been purged, triggered by action: save_post 
[2025-02-27 17:07:28 : INFO] - Cache for URL: https://saridis.local/catalog/makaronye-izdeliya-spaghettini-%e2%84%9610-ellinikos-sitos/ has been purged, triggered by action: wp_trash_post 
[2025-02-27 17:07:29 : INFO] - Cache for URL: https://saridis.local/?post_type=catalog&p=368 has been purged, triggered by action: save_post 
[2025-02-27 17:07:29 : INFO] - Cache for URL: https://saridis.local/catalog/makaronnye-izdeliya-orzo-ellinikos-sitos/ has been purged, triggered by action: wp_trash_post 
[2025-02-27 17:07:29 : INFO] - Cache for URL: https://saridis.local/?post_type=catalog&p=366 has been purged, triggered by action: save_post 
[2025-02-27 17:07:42 : INFO] - Cache for URL: https://saridis.local/catalog/makaronnye-izdeliya-spiral-ellinikos-sitos/ has been purged, triggered by action: wp_trash_post 
[2025-02-27 17:07:43 : INFO] - Cache for URL: https://saridis.local/?post_type=catalog&p=365 has been purged, triggered by action: save_post 
[2025-02-27 17:07:43 : INFO] - Cache for URL: https://saridis.local/catalog/shokoladnaya-pasta-melinda/ has been purged, triggered by action: wp_trash_post 
[2025-02-27 17:07:44 : INFO] - Cache for URL: https://saridis.local/?post_type=catalog&p=363 has been purged, triggered by action: save_post 
[2025-02-27 17:07:44 : INFO] - Cache for URL: https://saridis.local/catalog/shokoladnaya-pasta-melinda-2/ has been purged, triggered by action: wp_trash_post 
[2025-02-27 17:07:44 : INFO] - Cache for URL: https://saridis.local/?post_type=catalog&p=364 has been purged, triggered by action: save_post 
[2025-02-27 17:07:44 : INFO] - Cache for URL: https://saridis.local/catalog/gornyj-chaj-malotira-saridis/ has been purged, triggered by action: wp_trash_post 
[2025-02-27 17:07:45 : INFO] - Cache for URL: https://saridis.local/?post_type=catalog&p=361 has been purged, triggered by action: save_post 
[2025-02-27 17:07:45 : INFO] - Cache for URL: https://saridis.local/catalog/vafelnye-trubochki-caprice-s-shokoladym-kremom/ has been purged, triggered by action: wp_trash_post 
[2025-02-27 17:07:45 : INFO] - Cache for URL: https://saridis.local/?post_type=catalog&p=362 has been purged, triggered by action: save_post 
[2025-02-27 17:07:45 : INFO] - Cache for URL: https://saridis.local/catalog/kofe-naturalnyj-molotyj-mel-cafe-2/ has been purged, triggered by action: wp_trash_post 
[2025-02-27 17:07:46 : INFO] - Cache for URL: https://saridis.local/?post_type=catalog&p=360 has been purged, triggered by action: save_post 
[2025-02-27 17:07:46 : INFO] - Cache for URL: https://saridis.local/catalog/kofe-naturalnyj-molotyj-mel-cafe/ has been purged, triggered by action: wp_trash_post 
[2025-02-27 17:07:46 : INFO] - Cache for URL: https://saridis.local/?post_type=catalog&p=358 has been purged, triggered by action: save_post 
[2025-02-27 17:07:46 : INFO] - Cache for URL: https://saridis.local/catalog/kofe-naturalnyj-molotyj-mel-cafe-gold/ has been purged, triggered by action: wp_trash_post 
[2025-02-27 17:07:47 : INFO] - Cache for URL: https://saridis.local/?post_type=catalog&p=359 has been purged, triggered by action: save_post 
[2025-02-27 17:07:47 : INFO] - Cache for URL: https://saridis.local/catalog/kofe-naturalnyj-molotyj-2/ has been purged, triggered by action: wp_trash_post 
[2025-02-27 17:07:48 : INFO] - Cache for URL: https://saridis.local/?post_type=catalog&p=356 has been purged, triggered by action: save_post 
[2025-02-27 17:07:48 : INFO] - Cache for URL: https://saridis.local/catalog/kofe-naturalnyj-molotyj-3/ has been purged, triggered by action: wp_trash_post 
[2025-02-27 17:07:48 : INFO] - Cache for URL: https://saridis.local/?post_type=catalog&p=357 has been purged, triggered by action: save_post 
[2025-02-27 17:07:48 : INFO] - Cache for URL: https://saridis.local/catalog/priprava-myata-vysshej-kategorii-hlopya/ has been purged, triggered by action: wp_trash_post 
[2025-02-27 17:07:49 : INFO] - Cache for URL: https://saridis.local/?post_type=catalog&p=354 has been purged, triggered by action: save_post 
[2025-02-27 17:07:49 : INFO] - Cache for URL: https://saridis.local/catalog/kofe-naturalnyj-molotyj/ has been purged, triggered by action: wp_trash_post 
[2025-02-27 17:07:49 : INFO] - Cache for URL: https://saridis.local/?post_type=catalog&p=355 has been purged, triggered by action: save_post 
[2025-02-27 17:07:49 : INFO] - Cache for URL: https://saridis.local/catalog/priprava-sumah-vysshej-kategorii/ has been purged, triggered by action: wp_trash_post 
[2025-02-27 17:07:50 : INFO] - Cache for URL: https://saridis.local/?post_type=catalog&p=353 has been purged, triggered by action: save_post 
[2025-02-27 17:07:50 : INFO] - Cache for URL: https://saridis.local/catalog/paprika-vysshej-kategorii-molotaya/ has been purged, triggered by action: wp_trash_post 
[2025-02-27 17:07:50 : INFO] - Cache for URL: https://saridis.local/?post_type=catalog&p=351 has been purged, triggered by action: save_post 
[2025-02-27 17:07:50 : INFO] - Cache for URL: https://saridis.local/catalog/priprava-koriandr-molotyj/ has been purged, triggered by action: wp_trash_post 
[2025-02-27 17:07:51 : INFO] - Cache for URL: https://saridis.local/?post_type=catalog&p=352 has been purged, triggered by action: save_post 
[2025-02-27 17:07:51 : INFO] - Cache for URL: https://saridis.local/catalog/chernyj-perecz-vysshej-kategorii-molotyj/ has been purged, triggered by action: wp_trash_post 
[2025-02-27 17:07:52 : INFO] - Cache for URL: https://saridis.local/?post_type=catalog&p=349 has been purged, triggered by action: save_post 
[2025-02-27 17:07:52 : INFO] - Cache for URL: https://saridis.local/catalog/krasnyj-ostryj-perecz-bukovo-hlopya/ has been purged, triggered by action: wp_trash_post 
[2025-02-27 17:07:52 : INFO] - Cache for URL: https://saridis.local/?post_type=catalog&p=350 has been purged, triggered by action: save_post 
[2025-02-27 17:07:52 : INFO] - Cache for URL: https://saridis.local/catalog/priprava-kurkuma-molotaya/ has been purged, triggered by action: wp_trash_post 
[2025-02-27 17:07:53 : INFO] - Cache for URL: https://saridis.local/?post_type=catalog&p=347 has been purged, triggered by action: save_post 
[2025-02-27 17:07:53 : INFO] - Cache for URL: https://saridis.local/catalog/priprava-timyan-chebrecz-hlopya/ has been purged, triggered by action: wp_trash_post 
[2025-02-27 17:07:53 : INFO] - Cache for URL: https://saridis.local/?post_type=catalog&p=348 has been purged, triggered by action: save_post 
[2025-02-27 17:07:53 : INFO] - Cache for URL: https://saridis.local/catalog/priprava-oregano-hlopya/ has been purged, triggered by action: wp_trash_post 
[2025-02-27 17:07:54 : INFO] - Cache for URL: https://saridis.local/?post_type=catalog&p=346 has been purged, triggered by action: save_post 
[2025-02-27 17:08:00 : INFO] - Cache for URL: https://saridis.local/catalog/koricza-gold-palochki/ has been purged, triggered by action: wp_trash_post 
[2025-02-27 17:08:00 : INFO] - Cache for URL: https://saridis.local/?post_type=catalog&p=345 has been purged, triggered by action: save_post 
[2025-02-27 17:08:00 : INFO] - Cache for URL: https://saridis.local/catalog/latzimas-gold-9/ has been purged, triggered by action: wp_trash_post 
[2025-02-27 17:08:01 : INFO] - Cache for URL: https://saridis.local/?post_type=catalog&p=266 has been purged, triggered by action: save_post 
[2025-02-27 17:08:01 : INFO] - Cache for URL: https://saridis.local/catalog/latzimas-gold-8/ has been purged, triggered by action: wp_trash_post 
[2025-02-27 17:08:01 : INFO] - Cache for URL: https://saridis.local/?post_type=catalog&p=267 has been purged, triggered by action: save_post 
[2025-02-27 17:08:01 : INFO] - Cache for URL: https://saridis.local/catalog/latzimas-gold-7/ has been purged, triggered by action: wp_trash_post 
[2025-02-27 17:08:02 : INFO] - Cache for URL: https://saridis.local/?post_type=catalog&p=268 has been purged, triggered by action: save_post 
[2025-02-27 17:08:02 : INFO] - Cache for URL: https://saridis.local/catalog/latzimas-gold-6/ has been purged, triggered by action: wp_trash_post 
[2025-02-27 17:08:02 : INFO] - Cache for URL: https://saridis.local/?post_type=catalog&p=269 has been purged, triggered by action: save_post 
[2025-02-27 17:08:02 : INFO] - Cache for URL: https://saridis.local/catalog/latzimas-gold-5/ has been purged, triggered by action: wp_trash_post 
[2025-02-27 17:08:03 : INFO] - Cache for URL: https://saridis.local/?post_type=catalog&p=270 has been purged, triggered by action: save_post 
[2025-02-27 17:08:03 : INFO] - Cache for URL: https://saridis.local/catalog/latzimas-gold-4/ has been purged, triggered by action: wp_trash_post 
[2025-02-27 17:08:04 : INFO] - Cache for URL: https://saridis.local/?post_type=catalog&p=271 has been purged, triggered by action: save_post 
[2025-02-27 17:08:04 : INFO] - Cache for URL: https://saridis.local/catalog/latzimas-gold-3/ has been purged, triggered by action: wp_trash_post 
[2025-02-27 17:08:04 : INFO] - Cache for URL: https://saridis.local/?post_type=catalog&p=272 has been purged, triggered by action: save_post 
[2025-02-27 17:08:04 : INFO] - Cache for URL: https://saridis.local/catalog/latzimas-gold-2/ has been purged, triggered by action: wp_trash_post 
[2025-02-27 17:08:05 : INFO] - Cache for URL: https://saridis.local/?post_type=catalog&p=273 has been purged, triggered by action: save_post 
[2025-02-27 17:08:05 : INFO] - Cache for URL: https://saridis.local/catalog/latzimas-gold/ has been purged, triggered by action: wp_trash_post 
[2025-02-27 17:08:05 : INFO] - Cache for URL: https://saridis.local/?post_type=catalog&p=249 has been purged, triggered by action: save_post 
[2025-02-27 17:51:02 : INFO] - Cache for term page with URL: https://saridis.local/brand/meletiadis/  have been purged, triggered by action: edit_terms 
[2025-02-27 17:52:26 : INFO] - Cache for term page with URL: https://saridis.local/brand/eltha/  have been purged, triggered by action: edit_terms 
[2025-02-27 17:52:40 : INFO] - Cache for term page with URL: https://saridis.local/brand/eurimac/  have been purged, triggered by action: edit_terms 
[2025-02-27 17:53:23 : INFO] - Cache for term page with URL: https://saridis.local/brand/latrovalis/  have been purged, triggered by action: edit_terms 
[2025-02-27 17:53:46 : INFO] - Cache for term page with URL: https://saridis.local/brand/latzimas-gold/  have been purged, triggered by action: edit_terms 
[2025-02-27 17:54:04 : INFO] - Cache for term page with URL: https://saridis.local/brand/loumidis-papagalos/  have been purged, triggered by action: edit_terms 
[2025-02-27 17:54:17 : INFO] - Cache for term page with URL: https://saridis.local/brand/makedoniki-gi/  have been purged, triggered by action: edit_terms 
[2025-02-27 17:54:54 : INFO] - Cache for term page with URL: https://saridis.local/brand/onasis/  have been purged, triggered by action: edit_terms 
[2025-02-27 17:55:10 : INFO] - Cache for term page with URL: https://saridis.local/brand/papadopoulou/  have been purged, triggered by action: edit_terms 
[2025-02-27 17:55:25 : INFO] - Cache for term page with URL: https://saridis.local/brand/saridis/  have been purged, triggered by action: edit_terms 
[2025-02-27 17:58:34 : INFO] - Cache for term page with URL: https://saridis.local/brand/allatini/  have been purged, triggered by action: edit_terms 
[2025-02-27 17:58:56 : INFO] - Cache for term page with URL: https://saridis.local/brand/almito/  have been purged, triggered by action: edit_terms 
[2025-02-27 17:59:24 : INFO] - Cache for term page with URL: https://saridis.local/brand/fylladitakis-melopeion/  have been purged, triggered by action: edit_terms 
[2025-02-27 17:59:56 : INFO] - Cache for term page with URL: https://saridis.local/brand/kozompolis/  have been purged, triggered by action: edit_terms 
[2025-02-27 18:00:44 : INFO] - Cache for term page with URL: https://saridis.local/brand/viglia/  have been purged, triggered by action: edit_terms 
[2025-02-27 18:00:56 : INFO] - Cache for term page with URL: https://saridis.local/brand/tsakiris-family/  have been purged, triggered by action: edit_terms 
[2025-02-27 19:08:17 : INFO] - Cache for multiple term taxonomy have been purged due to post terms update, triggered by action: set_object_terms 
[2025-02-27 19:08:17 : INFO] - Cache for multiple term taxonomy have been purged due to post terms update, triggered by action: set_object_terms 
[2025-02-27 19:08:18 : INFO] - Cache for URL: https://saridis.local/catalog/abrikosovyj-dzhem-la-mel-450-gr/ has been purged, triggered by action: save_post 
[2025-02-27 19:09:27 : INFO] - Cache for URL: https://saridis.local/catalog/abrikosovyj-dzhem-la-mel-450-gr/ has been purged, triggered by action: wp_trash_post 
[2025-02-27 19:09:27 : INFO] - Cache for URL: https://saridis.local/?post_type=catalog&p=616 has been purged, triggered by action: save_post 
[2025-02-27 19:10:14 : INFO] - Cache for multiple term taxonomy have been purged due to post terms update, triggered by action: set_object_terms 
[2025-02-27 19:10:14 : INFO] - Cache for multiple term taxonomy have been purged due to post terms update, triggered by action: set_object_terms 
[2025-02-27 19:10:15 : INFO] - Cache for URL: https://saridis.local/catalog/abrikosovyj-dzhem-la-mel-450-gr/ has been purged, triggered by action: save_post 
[2025-02-27 19:12:18 : INFO] - Cache for URL: https://saridis.local/catalog/abrikosovyj-dzhem-la-mel-450-gr/ has been purged, triggered by action: wp_trash_post 
[2025-02-27 19:12:19 : INFO] - Cache for URL: https://saridis.local/?post_type=catalog&p=618 has been purged, triggered by action: save_post 
[2025-02-27 19:12:44 : INFO] - Cache for multiple term taxonomy have been purged due to post terms update, triggered by action: set_object_terms 
[2025-02-27 19:12:44 : INFO] - Cache for multiple term taxonomy have been purged due to post terms update, triggered by action: set_object_terms 
[2025-02-27 19:12:44 : INFO] - Cache for URL: https://saridis.local/catalog/abrikosovyj-dzhem-la-mel-450-gr/ has been purged, triggered by action: save_post 
[2025-02-27 19:13:14 : INFO] - Cache for URL: https://saridis.local/catalog/abrikosovyj-dzhem-la-mel-450-gr/ has been purged, triggered by action: wp_trash_post 
[2025-02-27 19:13:15 : INFO] - Cache for URL: https://saridis.local/?post_type=catalog&p=620 has been purged, triggered by action: save_post 
[2025-02-27 19:14:34 : INFO] - Cache for multiple term taxonomy have been purged due to post terms update, triggered by action: set_object_terms 
[2025-02-27 19:14:34 : INFO] - Cache for multiple term taxonomy have been purged due to post terms update, triggered by action: set_object_terms 
[2025-02-27 19:14:34 : INFO] - Cache for URL: https://saridis.local/catalog/abrikosovyj-dzhem-la-mel-450-gr/ has been purged, triggered by action: save_post 
[2025-02-27 19:15:01 : INFO] - Cache for URL: https://saridis.local/catalog/abrikosovyj-dzhem-la-mel-450-gr/ has been purged, triggered by action: wp_trash_post 
[2025-02-27 19:15:01 : INFO] - Cache for URL: https://saridis.local/?post_type=catalog&p=622 has been purged, triggered by action: save_post 
[2025-02-27 19:18:24 : INFO] - Cache for URL: https://saridis.local/?post_type=catalog&p=622 has been purged, triggered by action: save_post 
[2025-02-27 19:26:58 : INFO] - Cache for URL: https://saridis.local/?post_type=catalog&p=622 has been purged, triggered by action: wp_trash_post 
[2025-02-27 19:26:58 : INFO] - Cache for URL: https://saridis.local/?post_type=catalog&p=622 has been purged, triggered by action: save_post 
[2025-02-27 19:30:42 : INFO] - Cache for multiple term taxonomy have been purged due to post terms update, triggered by action: set_object_terms 
[2025-02-27 19:30:42 : INFO] - Cache for multiple term taxonomy have been purged due to post terms update, triggered by action: set_object_terms 
[2025-02-27 19:30:42 : INFO] - Cache for URL: https://saridis.local/catalog/abrikosovyj-dzhem-la-mel-450-gr/ has been purged, triggered by action: save_post 
[2025-02-27 19:32:33 : INFO] - Cache for URL: https://saridis.local/catalog/abrikosovyj-dzhem-la-mel-450-gr/ has been purged, triggered by action: wp_trash_post 
[2025-02-27 19:32:34 : INFO] - Cache for URL: https://saridis.local/?post_type=catalog&p=626 has been purged, triggered by action: save_post 
[2025-02-27 19:40:20 : INFO] - Cache for multiple term taxonomy have been purged due to post terms update, triggered by action: set_object_terms 
[2025-02-27 19:40:20 : INFO] - Cache for multiple term taxonomy have been purged due to post terms update, triggered by action: set_object_terms 
[2025-02-27 19:40:21 : INFO] - Cache for URL: https://saridis.local/catalog/abrikosovyj-dzhem-la-mel-450-gr/ has been purged, triggered by action: save_post 
[2025-02-27 19:40:57 : INFO] - Cache for multiple term taxonomy have been purged due to post terms update, triggered by action: set_object_terms 
[2025-02-27 19:40:57 : INFO] - Cache for multiple term taxonomy have been purged due to post terms update, triggered by action: set_object_terms 
[2025-02-27 19:40:58 : INFO] - Cache for multiple term taxonomy have been purged due to post terms update, triggered by action: set_object_terms 
[2025-02-27 19:40:58 : INFO] - Cache for multiple term taxonomy have been purged due to post terms update, triggered by action: set_object_terms 
[2025-02-27 19:40:58 : INFO] - Cache for URL: https://saridis.local/catalog/abrikosovyj-dzhem-la-mel-450-gr/ has been purged, triggered by action: save_post 
[2025-02-27 19:44:20 : INFO] - Cache for URL: https://saridis.local/catalog/abrikosovyj-dzhem-la-mel-450-gr/ has been purged, triggered by action: wp_trash_post 
[2025-02-27 19:44:20 : INFO] - Cache for URL: https://saridis.local/?post_type=catalog&p=629 has been purged, triggered by action: save_post 
[2025-02-27 19:44:54 : INFO] - Cache for multiple term taxonomy have been purged due to post terms update, triggered by action: set_object_terms 
[2025-02-27 19:44:54 : INFO] - Cache for multiple term taxonomy have been purged due to post terms update, triggered by action: set_object_terms 
[2025-02-27 19:44:54 : INFO] - Cache for URL: https://saridis.local/catalog/abrikosovyj-dzhem-la-mel-450-gr/ has been purged, triggered by action: save_post 
[2025-02-27 19:44:55 : INFO] - Cache for multiple term taxonomy have been purged due to post terms update, triggered by action: set_object_terms 
[2025-02-27 19:44:55 : INFO] - Cache for multiple term taxonomy have been purged due to post terms update, triggered by action: set_object_terms 
[2025-02-27 19:44:56 : INFO] - Cache for URL: https://saridis.local/catalog/vishnevyj-dzhem-la-mel-450-gr/ has been purged, triggered by action: save_post 
[2025-02-27 19:44:56 : INFO] - Cache for multiple term taxonomy have been purged due to post terms update, triggered by action: set_object_terms 
[2025-02-27 19:44:56 : INFO] - Cache for multiple term taxonomy have been purged due to post terms update, triggered by action: set_object_terms 
[2025-02-27 19:44:57 : INFO] - Cache for URL: https://saridis.local/catalog/gigantskaya-zapechyonnaya-fasol-onassis-2-kg/ has been purged, triggered by action: save_post 
[2025-02-27 19:44:57 : INFO] - Cache for multiple term taxonomy have been purged due to post terms update, triggered by action: set_object_terms 
[2025-02-27 19:44:57 : INFO] - Cache for multiple term taxonomy have been purged due to post terms update, triggered by action: set_object_terms 
[2025-02-27 19:44:58 : INFO] - Cache for URL: https://saridis.local/catalog/narezannye-tomaty-v-sobstvennom-soku-saridis-400-gr/ has been purged, triggered by action: save_post 
[2025-02-27 19:44:58 : INFO] - Cache for multiple term taxonomy have been purged due to post terms update, triggered by action: set_object_terms 
[2025-02-27 19:44:58 : INFO] - Cache for multiple term taxonomy have been purged due to post terms update, triggered by action: set_object_terms 
[2025-02-27 19:44:59 : INFO] - Cache for URL: https://saridis.local/catalog/kompot-makedoniki-persiki-polovinki-822gr/ has been purged, triggered by action: save_post 
[2025-02-27 19:44:59 : INFO] - Cache for multiple term taxonomy have been purged due to post terms update, triggered by action: set_object_terms 
[2025-02-27 19:44:59 : INFO] - Cache for multiple term taxonomy have been purged due to post terms update, triggered by action: set_object_terms 
[2025-02-27 19:45:00 : INFO] - Cache for URL: https://saridis.local/catalog/olivkovoe-maslo-latzimas-extra-virgin-500ml/ has been purged, triggered by action: save_post 
[2025-02-27 19:45:00 : INFO] - Cache for multiple term taxonomy have been purged due to post terms update, triggered by action: set_object_terms 
[2025-02-27 19:45:00 : INFO] - Cache for multiple term taxonomy have been purged due to post terms update, triggered by action: set_object_terms 
[2025-02-27 19:45:01 : INFO] - Cache for URL: https://saridis.local/catalog/olivkovoe-maslo-latzimas-extra-virgin-750ml/ has been purged, triggered by action: save_post 
[2025-02-27 19:45:02 : INFO] - Cache for multiple term taxonomy have been purged due to post terms update, triggered by action: set_object_terms 
[2025-02-27 19:45:02 : INFO] - Cache for multiple term taxonomy have been purged due to post terms update, triggered by action: set_object_terms 
[2025-02-27 19:45:03 : INFO] - Cache for URL: https://saridis.local/catalog/vafelnye-trubochki-caprice-s-kremom-iz-lesnogo-oreha-i-kakao-400-gr/ has been purged, triggered by action: save_post 
[2025-02-27 19:45:03 : INFO] - Cache for multiple term taxonomy have been purged due to post terms update, triggered by action: set_object_terms 
[2025-02-27 19:45:03 : INFO] - Cache for multiple term taxonomy have been purged due to post terms update, triggered by action: set_object_terms 
[2025-02-27 19:45:04 : INFO] - Cache for URL: https://saridis.local/catalog/halva-kunzhutnaya-salonikios-s-fistashkami-400-gr/ has been purged, triggered by action: save_post 
[2025-02-27 19:45:05 : INFO] - Cache for multiple term taxonomy have been purged due to post terms update, triggered by action: set_object_terms 
[2025-02-27 19:45:05 : INFO] - Cache for multiple term taxonomy have been purged due to post terms update, triggered by action: set_object_terms 
[2025-02-27 19:45:06 : INFO] - Cache for URL: https://saridis.local/catalog/halva-kunzhutnaya-salonikios-s-arahisom-400-gr/ has been purged, triggered by action: save_post 
[2025-02-27 19:45:06 : INFO] - Cache for multiple term taxonomy have been purged due to post terms update, triggered by action: set_object_terms 
[2025-02-27 19:45:06 : INFO] - Cache for multiple term taxonomy have been purged due to post terms update, triggered by action: set_object_terms 
[2025-02-27 19:45:07 : INFO] - Cache for URL: https://saridis.local/catalog/persikovyj-dzhem-la-mel-450-gr/ has been purged, triggered by action: save_post 
[2025-02-27 19:45:07 : INFO] - Cache for multiple term taxonomy have been purged due to post terms update, triggered by action: set_object_terms 
[2025-02-27 19:45:07 : INFO] - Cache for multiple term taxonomy have been purged due to post terms update, triggered by action: set_object_terms 
[2025-02-27 19:45:08 : INFO] - Cache for URL: https://saridis.local/catalog/lukum-meletiadis-assorti-300-gr/ has been purged, triggered by action: save_post 
[2025-02-27 19:45:09 : INFO] - Cache for multiple term taxonomy have been purged due to post terms update, triggered by action: set_object_terms 
[2025-02-27 19:45:09 : INFO] - Cache for multiple term taxonomy have been purged due to post terms update, triggered by action: set_object_terms 
[2025-02-27 19:45:09 : INFO] - Cache for URL: https://saridis.local/catalog/lukum-meletiadis-co-vkusom-mastiki-300-gr/ has been purged, triggered by action: save_post 
[2025-02-27 19:45:10 : INFO] - Cache for multiple term taxonomy have been purged due to post terms update, triggered by action: set_object_terms 
[2025-02-27 19:45:10 : INFO] - Cache for multiple term taxonomy have been purged due to post terms update, triggered by action: set_object_terms 
[2025-02-27 19:45:10 : INFO] - Cache for URL: https://saridis.local/catalog/pasta-orehovaya-melinda-s-kakao-400-gr/ has been purged, triggered by action: save_post 
[2025-02-27 19:45:11 : INFO] - Cache for multiple term taxonomy have been purged due to post terms update, triggered by action: set_object_terms 
[2025-02-27 19:45:11 : INFO] - Cache for multiple term taxonomy have been purged due to post terms update, triggered by action: set_object_terms 
[2025-02-27 19:45:12 : INFO] - Cache for URL: https://saridis.local/catalog/halva-kunzhutnaya-salonikios-vanilnaya-400-gr/ has been purged, triggered by action: save_post 
[2025-02-27 19:45:12 : INFO] - Cache for multiple term taxonomy have been purged due to post terms update, triggered by action: set_object_terms 
[2025-02-27 19:45:12 : INFO] - Cache for multiple term taxonomy have been purged due to post terms update, triggered by action: set_object_terms 
[2025-02-27 19:45:13 : INFO] - Cache for URL: https://saridis.local/catalog/halva-kunzhutnaya-salonikios-s-kakao-400-gr/ has been purged, triggered by action: save_post 
[2025-02-27 19:45:13 : INFO] - Cache for multiple term taxonomy have been purged due to post terms update, triggered by action: set_object_terms 
[2025-02-27 19:45:13 : INFO] - Cache for multiple term taxonomy have been purged due to post terms update, triggered by action: set_object_terms 
[2025-02-27 19:45:14 : INFO] - Cache for URL: https://saridis.local/catalog/krasnye-pikantnye-perchiki-almito-nachinyonnye-syrnym-kremom-280gr/ has been purged, triggered by action: save_post 
[2025-02-27 19:45:14 : INFO] - Cache for multiple term taxonomy have been purged due to post terms update, triggered by action: set_object_terms 
[2025-02-27 19:45:14 : INFO] - Cache for multiple term taxonomy have been purged due to post terms update, triggered by action: set_object_terms 
[2025-02-27 19:45:15 : INFO] - Cache for URL: https://saridis.local/catalog/zelyonye-pikantnye-perchiki-almito-s-nachinkoj-iz-syrnogo-krema-270gr/ has been purged, triggered by action: save_post 
[2025-02-27 19:45:15 : INFO] - Cache for multiple term taxonomy have been purged due to post terms update, triggered by action: set_object_terms 
[2025-02-27 19:45:15 : INFO] - Cache for multiple term taxonomy have been purged due to post terms update, triggered by action: set_object_terms 
[2025-02-27 19:45:16 : INFO] - Cache for URL: https://saridis.local/catalog/zelyonye-olivki-apollon-bez-kostochek-720-gr/ has been purged, triggered by action: save_post 
[2025-02-27 19:45:16 : INFO] - Cache for multiple term taxonomy have been purged due to post terms update, triggered by action: set_object_terms 
[2025-02-27 19:45:16 : INFO] - Cache for multiple term taxonomy have been purged due to post terms update, triggered by action: set_object_terms 
[2025-02-27 19:45:17 : INFO] - Cache for URL: https://saridis.local/catalog/zelyonye-olivki-latrovalis-farshirovannye-mindalyom-390-gr/ has been purged, triggered by action: save_post 
[2025-02-27 19:45:17 : INFO] - Cache for multiple term taxonomy have been purged due to post terms update, triggered by action: set_object_terms 
[2025-02-27 19:45:17 : INFO] - Cache for multiple term taxonomy have been purged due to post terms update, triggered by action: set_object_terms 
[2025-02-27 19:45:18 : INFO] - Cache for URL: https://saridis.local/catalog/olivki-kalamon-apollon-s-kostochkami-720-gr/ has been purged, triggered by action: save_post 
[2025-02-27 19:45:19 : INFO] - Cache for multiple term taxonomy have been purged due to post terms update, triggered by action: set_object_terms 
[2025-02-27 19:45:19 : INFO] - Cache for multiple term taxonomy have been purged due to post terms update, triggered by action: set_object_terms 
[2025-02-27 19:45:19 : INFO] - Cache for URL: https://saridis.local/catalog/vyalenye-tomaty-v-masle-so-specziyami-buono-365-gr/ has been purged, triggered by action: save_post 
[2025-02-27 19:45:20 : INFO] - Cache for multiple term taxonomy have been purged due to post terms update, triggered by action: set_object_terms 
[2025-02-27 19:45:20 : INFO] - Cache for multiple term taxonomy have been purged due to post terms update, triggered by action: set_object_terms 
[2025-02-27 19:45:20 : INFO] - Cache for URL: https://saridis.local/catalog/tradiczionnyj-grecheskij-molotyj-kofe-loumidis-papagalos-96-gr/ has been purged, triggered by action: save_post 
[2025-02-27 19:45:21 : INFO] - Cache for multiple term taxonomy have been purged due to post terms update, triggered by action: set_object_terms 
[2025-02-27 19:45:21 : INFO] - Cache for multiple term taxonomy have been purged due to post terms update, triggered by action: set_object_terms 
[2025-02-27 19:45:22 : INFO] - Cache for URL: https://saridis.local/catalog/tradiczionnyj-grecheskij-molotyj-kofe-loumidis-papagalos-194-gr/ has been purged, triggered by action: save_post 
[2025-02-27 19:45:23 : INFO] - Cache for multiple term taxonomy have been purged due to post terms update, triggered by action: set_object_terms 
[2025-02-27 19:45:23 : INFO] - Cache for multiple term taxonomy have been purged due to post terms update, triggered by action: set_object_terms 
[2025-02-27 19:45:24 : INFO] - Cache for URL: https://saridis.local/catalog/tradiczionnyj-grecheskij-molotyj-kofe-melcafe-100-gr/ has been purged, triggered by action: save_post 
[2025-02-27 19:45:25 : INFO] - Cache for multiple term taxonomy have been purged due to post terms update, triggered by action: set_object_terms 
[2025-02-27 19:45:25 : INFO] - Cache for multiple term taxonomy have been purged due to post terms update, triggered by action: set_object_terms 
[2025-02-27 19:45:26 : INFO] - Cache for URL: https://saridis.local/catalog/tradiczionnyj-grecheskij-molotyj-kofe-melcafe-200-gr/ has been purged, triggered by action: save_post 
[2025-02-27 19:45:26 : INFO] - Cache for multiple term taxonomy have been purged due to post terms update, triggered by action: set_object_terms 
[2025-02-27 19:45:26 : INFO] - Cache for multiple term taxonomy have been purged due to post terms update, triggered by action: set_object_terms 
[2025-02-27 19:45:27 : INFO] - Cache for URL: https://saridis.local/catalog/zelyonye-olivki-latrovalis-farshirovannye-perczem-halapeno-390-gr/ has been purged, triggered by action: save_post 
[2025-02-27 19:45:27 : INFO] - Cache for multiple term taxonomy have been purged due to post terms update, triggered by action: set_object_terms 
[2025-02-27 19:45:27 : INFO] - Cache for multiple term taxonomy have been purged due to post terms update, triggered by action: set_object_terms 
[2025-02-27 19:45:28 : INFO] - Cache for URL: https://saridis.local/catalog/chyornye-olivki-latrovalis-bez-kostochek-zh-b-810-gr/ has been purged, triggered by action: save_post 
[2025-02-27 19:45:28 : INFO] - Cache for multiple term taxonomy have been purged due to post terms update, triggered by action: set_object_terms 
[2025-02-27 19:45:28 : INFO] - Cache for multiple term taxonomy have been purged due to post terms update, triggered by action: set_object_terms 
[2025-02-27 19:45:28 : INFO] - Cache for URL: https://saridis.local/catalog/chyornye-olivki-latrovalis-s-kostochkami-zh-b-810-gr/ has been purged, triggered by action: save_post 
[2025-02-27 19:45:29 : INFO] - Cache for multiple term taxonomy have been purged due to post terms update, triggered by action: set_object_terms 
[2025-02-27 19:45:29 : INFO] - Cache for multiple term taxonomy have been purged due to post terms update, triggered by action: set_object_terms 
[2025-02-27 19:45:31 : INFO] - Cache for URL: https://saridis.local/catalog/zelyonye-olivki-latrovalis-farshirovannye-pastoj-iz-krasnogo-percza-390-gr/ has been purged, triggered by action: save_post 
[2025-02-27 19:45:31 : INFO] - Cache for multiple term taxonomy have been purged due to post terms update, triggered by action: set_object_terms 
[2025-02-27 19:45:31 : INFO] - Cache for multiple term taxonomy have been purged due to post terms update, triggered by action: set_object_terms 
[2025-02-27 19:45:32 : INFO] - Cache for URL: https://saridis.local/catalog/chyornye-olivki-latrovalis-bez-kostochek-zh-b-400-gr/ has been purged, triggered by action: save_post 
[2025-02-27 19:45:32 : INFO] - Cache for multiple term taxonomy have been purged due to post terms update, triggered by action: set_object_terms 
[2025-02-27 19:45:32 : INFO] - Cache for multiple term taxonomy have been purged due to post terms update, triggered by action: set_object_terms 
[2025-02-27 19:45:33 : INFO] - Cache for URL: https://saridis.local/catalog/zelyonye-olivki-latrovalis-farshirovannye-ogurczom-390-gr/ has been purged, triggered by action: save_post 
[2025-02-27 19:45:34 : INFO] - Cache for multiple term taxonomy have been purged due to post terms update, triggered by action: set_object_terms 
[2025-02-27 19:45:34 : INFO] - Cache for multiple term taxonomy have been purged due to post terms update, triggered by action: set_object_terms 
[2025-02-27 19:45:34 : INFO] - Cache for URL: https://saridis.local/catalog/makedonskij-marinovannyj-perecz-buono-580-gr/ has been purged, triggered by action: save_post 
[2025-02-27 19:45:35 : INFO] - Cache for multiple term taxonomy have been purged due to post terms update, triggered by action: set_object_terms 
[2025-02-27 19:45:35 : INFO] - Cache for multiple term taxonomy have been purged due to post terms update, triggered by action: set_object_terms 
[2025-02-27 19:45:35 : INFO] - Cache for URL: https://saridis.local/catalog/olivkovoe-maslo-latzimas-extra-virgin-1l/ has been purged, triggered by action: save_post 
[2025-02-27 19:45:35 : INFO] - Cache for multiple term taxonomy have been purged due to post terms update, triggered by action: set_object_terms 
[2025-02-27 19:45:36 : INFO] - Cache for multiple term taxonomy have been purged due to post terms update, triggered by action: set_object_terms 
[2025-02-27 19:45:36 : INFO] - Cache for URL: https://saridis.local/catalog/olivkovoe-maslo-latzimas-extra-virgin-3l/ has been purged, triggered by action: save_post 
[2025-02-27 19:45:36 : INFO] - Cache for multiple term taxonomy have been purged due to post terms update, triggered by action: set_object_terms 
[2025-02-27 19:45:36 : INFO] - Cache for multiple term taxonomy have been purged due to post terms update, triggered by action: set_object_terms 
[2025-02-27 19:45:37 : INFO] - Cache for URL: https://saridis.local/catalog/olivkovoe-maslo-latzimas-gold-extra-virgin-500ml/ has been purged, triggered by action: save_post 
[2025-02-27 19:45:37 : INFO] - Cache for multiple term taxonomy have been purged due to post terms update, triggered by action: set_object_terms 
[2025-02-27 19:45:37 : INFO] - Cache for multiple term taxonomy have been purged due to post terms update, triggered by action: set_object_terms 
[2025-02-27 19:45:38 : INFO] - Cache for URL: https://saridis.local/catalog/olivkovoe-maslo-latzimas-gold-extra-virgin-zh-b-500ml/ has been purged, triggered by action: save_post 
[2025-02-27 19:45:39 : INFO] - Cache for multiple term taxonomy have been purged due to post terms update, triggered by action: set_object_terms 
[2025-02-27 19:45:39 : INFO] - Cache for multiple term taxonomy have been purged due to post terms update, triggered by action: set_object_terms 
[2025-02-27 19:45:39 : INFO] - Cache for URL: https://saridis.local/catalog/olivkovoe-maslo-latzimas-gold-extra-virgin-750ml/ has been purged, triggered by action: save_post 
[2025-02-27 19:45:40 : INFO] - Cache for multiple term taxonomy have been purged due to post terms update, triggered by action: set_object_terms 
[2025-02-27 19:45:40 : INFO] - Cache for multiple term taxonomy have been purged due to post terms update, triggered by action: set_object_terms 
[2025-02-27 19:45:40 : INFO] - Cache for URL: https://saridis.local/catalog/olivkovoe-maslo-latzimas-extra-virgin-5l/ has been purged, triggered by action: save_post 
[2025-02-27 19:45:41 : INFO] - Cache for multiple term taxonomy have been purged due to post terms update, triggered by action: set_object_terms 
[2025-02-27 19:45:41 : INFO] - Cache for multiple term taxonomy have been purged due to post terms update, triggered by action: set_object_terms 
[2025-02-27 19:45:41 : INFO] - Cache for URL: https://saridis.local/catalog/olivkovoe-maslo-latzimas-gold-extra-virgin-zh-b-1l/ has been purged, triggered by action: save_post 
[2025-02-27 19:45:42 : INFO] - Cache for multiple term taxonomy have been purged due to post terms update, triggered by action: set_object_terms 
[2025-02-27 19:45:42 : INFO] - Cache for multiple term taxonomy have been purged due to post terms update, triggered by action: set_object_terms 
[2025-02-27 19:45:42 : INFO] - Cache for URL: https://saridis.local/catalog/olivkovoe-maslo-latzimas-gold-extra-virgin-1l/ has been purged, triggered by action: save_post 
[2025-02-27 19:45:43 : INFO] - Cache for multiple term taxonomy have been purged due to post terms update, triggered by action: set_object_terms 
[2025-02-27 19:45:43 : INFO] - Cache for multiple term taxonomy have been purged due to post terms update, triggered by action: set_object_terms 
[2025-02-27 19:45:43 : INFO] - Cache for URL: https://saridis.local/catalog/olivkovoe-maslo-latzimas-gold-extra-virgin-5l/ has been purged, triggered by action: save_post 
[2025-02-27 19:45:43 : INFO] - Cache for multiple term taxonomy have been purged due to post terms update, triggered by action: set_object_terms 
[2025-02-27 19:45:43 : INFO] - Cache for multiple term taxonomy have been purged due to post terms update, triggered by action: set_object_terms 
[2025-02-27 19:45:44 : INFO] - Cache for URL: https://saridis.local/catalog/olivkovoe-maslo-latzimas-bio-organic-extra-virgin-500ml/ has been purged, triggered by action: save_post 
[2025-02-27 19:45:44 : INFO] - Cache for multiple term taxonomy have been purged due to post terms update, triggered by action: set_object_terms 
[2025-02-27 19:45:44 : INFO] - Cache for multiple term taxonomy have been purged due to post terms update, triggered by action: set_object_terms 
[2025-02-27 19:45:45 : INFO] - Cache for URL: https://saridis.local/catalog/olivkovoe-maslo-latzimas-bio-organic-extra-virgin-1l/ has been purged, triggered by action: save_post 
[2025-02-27 19:45:45 : INFO] - Cache for multiple term taxonomy have been purged due to post terms update, triggered by action: set_object_terms 
[2025-02-27 19:45:45 : INFO] - Cache for multiple term taxonomy have been purged due to post terms update, triggered by action: set_object_terms 
[2025-02-27 19:45:46 : INFO] - Cache for URL: https://saridis.local/catalog/olivkovoe-maslo-latzimas-extra-virgin-5l-2/ has been purged, triggered by action: save_post 
[2025-02-27 19:45:48 : INFO] - Cache for multiple term taxonomy have been purged due to post terms update, triggered by action: set_object_terms 
[2025-02-27 19:45:48 : INFO] - Cache for multiple term taxonomy have been purged due to post terms update, triggered by action: set_object_terms 
[2025-02-27 19:45:48 : INFO] - Cache for URL: https://saridis.local/catalog/olivkovoe-maslo-saridis-extra-virgin-3l/ has been purged, triggered by action: save_post 
[2025-02-27 19:45:49 : INFO] - Cache for multiple term taxonomy have been purged due to post terms update, triggered by action: set_object_terms 
[2025-02-27 19:45:49 : INFO] - Cache for multiple term taxonomy have been purged due to post terms update, triggered by action: set_object_terms 
[2025-02-27 19:45:50 : INFO] - Cache for URL: https://saridis.local/catalog/olivkovoe-maslo-saridis-extra-virgin-5l/ has been purged, triggered by action: save_post 
[2025-02-27 19:45:50 : INFO] - Cache for multiple term taxonomy have been purged due to post terms update, triggered by action: set_object_terms 
[2025-02-27 19:45:50 : INFO] - Cache for multiple term taxonomy have been purged due to post terms update, triggered by action: set_object_terms 
[2025-02-27 19:45:51 : INFO] - Cache for URL: https://saridis.local/catalog/olivkovoe-maslo-vorios-mylopotamos-03-extra-virgin-1l/ has been purged, triggered by action: save_post 
[2025-02-27 19:45:52 : INFO] - Cache for multiple term taxonomy have been purged due to post terms update, triggered by action: set_object_terms 
[2025-02-27 19:45:52 : INFO] - Cache for multiple term taxonomy have been purged due to post terms update, triggered by action: set_object_terms 
[2025-02-27 19:45:52 : INFO] - Cache for URL: https://saridis.local/catalog/olivkovoe-maslo-treasure-of-mylopotamos-02-extra-virgin-1l/ has been purged, triggered by action: save_post 
[2025-02-27 19:45:53 : INFO] - Cache for multiple term taxonomy have been purged due to post terms update, triggered by action: set_object_terms 
[2025-02-27 19:45:53 : INFO] - Cache for multiple term taxonomy have been purged due to post terms update, triggered by action: set_object_terms 
[2025-02-27 19:45:53 : INFO] - Cache for URL: https://saridis.local/catalog/olivkovoe-maslo-treasure-of-mylopotamos-02-extra-virgin-250ml/ has been purged, triggered by action: save_post 
[2025-02-27 19:45:54 : INFO] - Cache for multiple term taxonomy have been purged due to post terms update, triggered by action: set_object_terms 
[2025-02-27 19:45:54 : INFO] - Cache for multiple term taxonomy have been purged due to post terms update, triggered by action: set_object_terms 
[2025-02-27 19:45:54 : INFO] - Cache for URL: https://saridis.local/catalog/olivkovoe-maslo-land-of-sitia-02-extra-virgin-250ml/ has been purged, triggered by action: save_post 
[2025-02-27 19:45:55 : INFO] - Cache for multiple term taxonomy have been purged due to post terms update, triggered by action: set_object_terms 
[2025-02-27 19:45:55 : INFO] - Cache for multiple term taxonomy have been purged due to post terms update, triggered by action: set_object_terms 
[2025-02-27 19:45:55 : INFO] - Cache for URL: https://saridis.local/catalog/olivkovoe-maslo-land-of-sitia-02-extra-virgin-500ml/ has been purged, triggered by action: save_post 
[2025-02-27 19:45:56 : INFO] - Cache for multiple term taxonomy have been purged due to post terms update, triggered by action: set_object_terms 
[2025-02-27 19:45:56 : INFO] - Cache for multiple term taxonomy have been purged due to post terms update, triggered by action: set_object_terms 
[2025-02-27 19:45:56 : INFO] - Cache for URL: https://saridis.local/catalog/olivkovoe-maslo-land-of-sitia-02-extra-virgin-1l/ has been purged, triggered by action: save_post 
[2025-02-27 19:45:57 : INFO] - Cache for multiple term taxonomy have been purged due to post terms update, triggered by action: set_object_terms 
[2025-02-27 19:45:57 : INFO] - Cache for multiple term taxonomy have been purged due to post terms update, triggered by action: set_object_terms 
[2025-02-27 19:45:57 : INFO] - Cache for URL: https://saridis.local/catalog/olivkovoe-maslo-land-of-sitia-02-extra-virgin-15l/ has been purged, triggered by action: save_post 
[2025-02-27 19:45:58 : INFO] - Cache for multiple term taxonomy have been purged due to post terms update, triggered by action: set_object_terms 
[2025-02-27 19:45:58 : INFO] - Cache for multiple term taxonomy have been purged due to post terms update, triggered by action: set_object_terms 
[2025-02-27 19:45:58 : INFO] - Cache for URL: https://saridis.local/catalog/olivkovoe-maslo-gold-of-sitia-02-extra-virgin-15l/ has been purged, triggered by action: save_post 
[2025-02-27 19:45:59 : INFO] - Cache for multiple term taxonomy have been purged due to post terms update, triggered by action: set_object_terms 
[2025-02-27 19:45:59 : INFO] - Cache for multiple term taxonomy have been purged due to post terms update, triggered by action: set_object_terms 
[2025-02-27 19:45:59 : INFO] - Cache for URL: https://saridis.local/catalog/olivkovoe-maslo-gr-estate-kalamata-extra-virgin-500ml/ has been purged, triggered by action: save_post 
[2025-02-27 19:46:00 : INFO] - Cache for multiple term taxonomy have been purged due to post terms update, triggered by action: set_object_terms 
[2025-02-27 19:46:00 : INFO] - Cache for multiple term taxonomy have been purged due to post terms update, triggered by action: set_object_terms 
[2025-02-27 19:46:00 : INFO] - Cache for URL: https://saridis.local/catalog/olivkovoe-maslo-gr-estate-kalamata-extra-virgin-750ml/ has been purged, triggered by action: save_post 
[2025-02-27 19:46:01 : INFO] - Cache for multiple term taxonomy have been purged due to post terms update, triggered by action: set_object_terms 
[2025-02-27 19:46:01 : INFO] - Cache for multiple term taxonomy have been purged due to post terms update, triggered by action: set_object_terms 
[2025-02-27 19:46:01 : INFO] - Cache for URL: https://saridis.local/catalog/olivkovoe-maslo-gr-estate-kalamata-extra-virgin-1l/ has been purged, triggered by action: save_post 
[2025-02-27 19:46:02 : INFO] - Cache for multiple term taxonomy have been purged due to post terms update, triggered by action: set_object_terms 
[2025-02-27 19:46:02 : INFO] - Cache for multiple term taxonomy have been purged due to post terms update, triggered by action: set_object_terms 
[2025-02-27 19:46:02 : INFO] - Cache for URL: https://saridis.local/catalog/olivkovoe-maslo-s-travami-i-specziyami-tzoulia-extra-virgin-250ml/ has been purged, triggered by action: save_post 
[2025-02-27 19:46:03 : INFO] - Cache for multiple term taxonomy have been purged due to post terms update, triggered by action: set_object_terms 
[2025-02-27 19:46:03 : INFO] - Cache for multiple term taxonomy have been purged due to post terms update, triggered by action: set_object_terms 
[2025-02-27 19:46:03 : INFO] - Cache for URL: https://saridis.local/catalog/olivkovoe-maslo-s-travami-i-specziyami-penelope-extra-virgin-250ml/ has been purged, triggered by action: save_post 
[2025-02-27 19:46:04 : INFO] - Cache for multiple term taxonomy have been purged due to post terms update, triggered by action: set_object_terms 
[2025-02-27 19:46:04 : INFO] - Cache for multiple term taxonomy have been purged due to post terms update, triggered by action: set_object_terms 
[2025-02-27 19:46:04 : INFO] - Cache for URL: https://saridis.local/catalog/olivkovoe-maslo-extra-virgin-vinnyj-uksus-s-travami-i-specziyami-kima-200-200ml/ has been purged, triggered by action: save_post 
[2025-02-27 19:46:05 : INFO] - Cache for multiple term taxonomy have been purged due to post terms update, triggered by action: set_object_terms 
[2025-02-27 19:46:05 : INFO] - Cache for multiple term taxonomy have been purged due to post terms update, triggered by action: set_object_terms 
[2025-02-27 19:46:06 : INFO] - Cache for URL: https://saridis.local/catalog/olivkovoe-maslo-dlya-zharki-saridis-pomace-1l/ has been purged, triggered by action: save_post 
[2025-02-27 19:46:07 : INFO] - Cache for multiple term taxonomy have been purged due to post terms update, triggered by action: set_object_terms 
[2025-02-27 19:46:07 : INFO] - Cache for multiple term taxonomy have been purged due to post terms update, triggered by action: set_object_terms 
[2025-02-27 19:46:07 : INFO] - Cache for URL: https://saridis.local/catalog/olivkovoe-maslo-dlya-zharki-saridis-pomace-5l/ has been purged, triggered by action: save_post 
[2025-02-27 19:46:08 : INFO] - Cache for multiple term taxonomy have been purged due to post terms update, triggered by action: set_object_terms 
[2025-02-27 19:46:08 : INFO] - Cache for multiple term taxonomy have been purged due to post terms update, triggered by action: set_object_terms 
[2025-02-27 19:46:08 : INFO] - Cache for URL: https://saridis.local/catalog/olivki-kalamon-latrovalis-s-kostochkami-390-gr/ has been purged, triggered by action: save_post 
[2025-02-27 19:46:09 : INFO] - Cache for multiple term taxonomy have been purged due to post terms update, triggered by action: set_object_terms 
[2025-02-27 19:46:09 : INFO] - Cache for multiple term taxonomy have been purged due to post terms update, triggered by action: set_object_terms 
[2025-02-27 19:46:09 : INFO] - Cache for URL: https://saridis.local/catalog/olivki-kalamon-latrovalis-bez-kostochek-390-gr/ has been purged, triggered by action: save_post 
[2025-02-27 19:46:10 : INFO] - Cache for multiple term taxonomy have been purged due to post terms update, triggered by action: set_object_terms 
[2025-02-27 19:46:10 : INFO] - Cache for multiple term taxonomy have been purged due to post terms update, triggered by action: set_object_terms 
[2025-02-27 19:46:10 : INFO] - Cache for URL: https://saridis.local/catalog/zelyonye-olivki-latrovalis-s-kostochkami-390-gr/ has been purged, triggered by action: save_post 
[2025-02-27 19:46:10 : INFO] - Cache for multiple term taxonomy have been purged due to post terms update, triggered by action: set_object_terms 
[2025-02-27 19:46:10 : INFO] - Cache for multiple term taxonomy have been purged due to post terms update, triggered by action: set_object_terms 
[2025-02-27 19:46:11 : INFO] - Cache for URL: https://saridis.local/catalog/zelyonye-olivki-latrovalis-bez-kostochek-390-gr/ has been purged, triggered by action: save_post 
[2025-02-27 19:46:11 : INFO] - Cache for multiple term taxonomy have been purged due to post terms update, triggered by action: set_object_terms 
[2025-02-27 19:46:11 : INFO] - Cache for multiple term taxonomy have been purged due to post terms update, triggered by action: set_object_terms 
[2025-02-27 19:46:12 : INFO] - Cache for URL: https://saridis.local/catalog/naturalno-sozrevshie-olivki-latrovalis-s-kostochkami-390-gr/ has been purged, triggered by action: save_post 
[2025-02-27 19:46:12 : INFO] - Cache for multiple term taxonomy have been purged due to post terms update, triggered by action: set_object_terms 
[2025-02-27 19:46:13 : INFO] - Cache for multiple term taxonomy have been purged due to post terms update, triggered by action: set_object_terms 
[2025-02-27 19:46:13 : INFO] - Cache for URL: https://saridis.local/catalog/zelyonye-olivki-latrovalis-farshirovannye-limonom-390-gr/ has been purged, triggered by action: save_post 
[2025-02-27 19:46:14 : INFO] - Cache for multiple term taxonomy have been purged due to post terms update, triggered by action: set_object_terms 
[2025-02-27 19:46:14 : INFO] - Cache for multiple term taxonomy have been purged due to post terms update, triggered by action: set_object_terms 
[2025-02-27 19:46:15 : INFO] - Cache for URL: https://saridis.local/catalog/zelyonye-olivki-latrovalis-farshirovannye-perczem-halapeno-i-chesnokom-390-gr/ has been purged, triggered by action: save_post 
[2025-02-27 19:46:15 : INFO] - Cache for multiple term taxonomy have been purged due to post terms update, triggered by action: set_object_terms 
[2025-02-27 19:46:15 : INFO] - Cache for multiple term taxonomy have been purged due to post terms update, triggered by action: set_object_terms 
[2025-02-27 19:46:16 : INFO] - Cache for URL: https://saridis.local/catalog/zelyonye-olivki-latrovalis-farshirovannye-chesnokom-390-gr/ has been purged, triggered by action: save_post 
[2025-02-27 19:46:16 : INFO] - Cache for multiple term taxonomy have been purged due to post terms update, triggered by action: set_object_terms 
[2025-02-27 19:46:16 : INFO] - Cache for multiple term taxonomy have been purged due to post terms update, triggered by action: set_object_terms 
[2025-02-27 19:46:17 : INFO] - Cache for URL: https://saridis.local/catalog/zelyonye-olivki-latrovalis-s-kostochkami-zh-b-810-gr/ has been purged, triggered by action: save_post 
[2025-02-27 19:46:17 : INFO] - Cache for multiple term taxonomy have been purged due to post terms update, triggered by action: set_object_terms 
[2025-02-27 19:46:17 : INFO] - Cache for multiple term taxonomy have been purged due to post terms update, triggered by action: set_object_terms 
[2025-02-27 19:46:18 : INFO] - Cache for URL: https://saridis.local/catalog/zelyonye-olivki-latrovalis-bez-kostochek-zh-b-810-gr/ has been purged, triggered by action: save_post 
[2025-02-27 19:46:19 : INFO] - Cache for multiple term taxonomy have been purged due to post terms update, triggered by action: set_object_terms 
[2025-02-27 19:46:19 : INFO] - Cache for multiple term taxonomy have been purged due to post terms update, triggered by action: set_object_terms 
[2025-02-27 19:46:19 : INFO] - Cache for URL: https://saridis.local/catalog/olivki-kalamon-latrovalis-s-kostochkami-zh-b-810-gr/ has been purged, triggered by action: save_post 
[2025-02-27 19:46:20 : INFO] - Cache for multiple term taxonomy have been purged due to post terms update, triggered by action: set_object_terms 
[2025-02-27 19:46:20 : INFO] - Cache for multiple term taxonomy have been purged due to post terms update, triggered by action: set_object_terms 
[2025-02-27 19:46:20 : INFO] - Cache for URL: https://saridis.local/catalog/chyornye-olivki-latrovalis-s-kostochkami-zh-b-425-kg/ has been purged, triggered by action: save_post 
[2025-02-27 19:46:20 : INFO] - Cache for multiple term taxonomy have been purged due to post terms update, triggered by action: set_object_terms 
[2025-02-27 19:46:20 : INFO] - Cache for multiple term taxonomy have been purged due to post terms update, triggered by action: set_object_terms 
[2025-02-27 19:46:21 : INFO] - Cache for URL: https://saridis.local/catalog/olivki-kalamon-latrovalis-s-kostochkami-zh-b-425-kg/ has been purged, triggered by action: save_post 
[2025-02-27 19:46:22 : INFO] - Cache for multiple term taxonomy have been purged due to post terms update, triggered by action: set_object_terms 
[2025-02-27 19:46:22 : INFO] - Cache for multiple term taxonomy have been purged due to post terms update, triggered by action: set_object_terms 
[2025-02-27 19:46:23 : INFO] - Cache for URL: https://saridis.local/catalog/zelyonye-olivki-latrovalis-farshirovannye-mindalyom-zh-b-425-kg/ has been purged, triggered by action: save_post 
[2025-02-27 19:46:23 : INFO] - Cache for multiple term taxonomy have been purged due to post terms update, triggered by action: set_object_terms 
[2025-02-27 19:46:23 : INFO] - Cache for multiple term taxonomy have been purged due to post terms update, triggered by action: set_object_terms 
[2025-02-27 19:46:24 : INFO] - Cache for URL: https://saridis.local/catalog/zelyonye-olivki-apollon-s-kostochkami-360-gr/ has been purged, triggered by action: save_post 
[2025-02-27 19:46:24 : INFO] - Cache for multiple term taxonomy have been purged due to post terms update, triggered by action: set_object_terms 
[2025-02-27 19:46:24 : INFO] - Cache for multiple term taxonomy have been purged due to post terms update, triggered by action: set_object_terms 
[2025-02-27 19:46:25 : INFO] - Cache for URL: https://saridis.local/catalog/zelyonye-olivki-apollon-bez-kostochek-360-gr/ has been purged, triggered by action: save_post 
[2025-02-27 19:46:25 : INFO] - Cache for multiple term taxonomy have been purged due to post terms update, triggered by action: set_object_terms 
[2025-02-27 19:46:25 : INFO] - Cache for multiple term taxonomy have been purged due to post terms update, triggered by action: set_object_terms 
[2025-02-27 19:46:26 : INFO] - Cache for URL: https://saridis.local/catalog/olivki-kalamon-apollon-s-kostochkami-360-gr/ has been purged, triggered by action: save_post 
[2025-02-27 19:46:26 : INFO] - Cache for multiple term taxonomy have been purged due to post terms update, triggered by action: set_object_terms 
[2025-02-27 19:46:26 : INFO] - Cache for multiple term taxonomy have been purged due to post terms update, triggered by action: set_object_terms 
[2025-02-27 19:46:27 : INFO] - Cache for URL: https://saridis.local/catalog/zelyonye-olivki-apollon-s-kostochkami-720-gr/ has been purged, triggered by action: save_post 
[2025-02-27 19:46:27 : INFO] - Cache for multiple term taxonomy have been purged due to post terms update, triggered by action: set_object_terms 
[2025-02-27 19:46:27 : INFO] - Cache for multiple term taxonomy have been purged due to post terms update, triggered by action: set_object_terms 
[2025-02-27 19:46:28 : INFO] - Cache for URL: https://saridis.local/catalog/chyornye-olivki-apollon-s-kostochkami-720-gr/ has been purged, triggered by action: save_post 
[2025-02-27 19:46:28 : INFO] - Cache for multiple term taxonomy have been purged due to post terms update, triggered by action: set_object_terms 
[2025-02-27 19:46:28 : INFO] - Cache for multiple term taxonomy have been purged due to post terms update, triggered by action: set_object_terms 
[2025-02-27 19:46:29 : INFO] - Cache for URL: https://saridis.local/catalog/chyornye-olivki-apollon-bez-kostochek-720-gr/ has been purged, triggered by action: save_post 
[2025-02-27 19:46:29 : INFO] - Cache for multiple term taxonomy have been purged due to post terms update, triggered by action: set_object_terms 
[2025-02-27 19:46:29 : INFO] - Cache for multiple term taxonomy have been purged due to post terms update, triggered by action: set_object_terms 
[2025-02-27 19:46:30 : INFO] - Cache for URL: https://saridis.local/catalog/vyalenye-olivki-eltha-c-kostochkoj-250-gr/ has been purged, triggered by action: save_post 
[2025-02-27 19:46:30 : INFO] - Cache for multiple term taxonomy have been purged due to post terms update, triggered by action: set_object_terms 
[2025-02-27 19:46:30 : INFO] - Cache for multiple term taxonomy have been purged due to post terms update, triggered by action: set_object_terms 
[2025-02-27 19:46:30 : INFO] - Cache for URL: https://saridis.local/catalog/vyalenye-olivki-eltha-c-kostochkoj-500-gr/ has been purged, triggered by action: save_post 
[2025-02-27 19:46:31 : INFO] - Cache for multiple term taxonomy have been purged due to post terms update, triggered by action: set_object_terms 
[2025-02-27 19:46:31 : INFO] - Cache for multiple term taxonomy have been purged due to post terms update, triggered by action: set_object_terms 
[2025-02-27 19:46:31 : INFO] - Cache for URL: https://saridis.local/catalog/miks-olivok-s-kostochkami-zelyonye-i-kalamon-eltha-250-gr/ has been purged, triggered by action: save_post 
[2025-02-27 19:46:32 : INFO] - Cache for multiple term taxonomy have been purged due to post terms update, triggered by action: set_object_terms 
[2025-02-27 19:46:32 : INFO] - Cache for multiple term taxonomy have been purged due to post terms update, triggered by action: set_object_terms 
[2025-02-27 19:46:32 : INFO] - Cache for URL: https://saridis.local/catalog/olivki-kalamon-eltha-s-kostochkami-250-gr/ has been purged, triggered by action: save_post 
[2025-02-27 19:46:34 : INFO] - Cache for multiple term taxonomy have been purged due to post terms update, triggered by action: set_object_terms 
[2025-02-27 19:46:34 : INFO] - Cache for multiple term taxonomy have been purged due to post terms update, triggered by action: set_object_terms 
[2025-02-27 19:46:34 : INFO] - Cache for URL: https://saridis.local/catalog/grecheskij-gornyj-chaj-malotira-saridis-50-gr/ has been purged, triggered by action: save_post 
[2025-02-27 19:46:35 : INFO] - Cache for multiple term taxonomy have been purged due to post terms update, triggered by action: set_object_terms 
[2025-02-27 19:46:35 : INFO] - Cache for multiple term taxonomy have been purged due to post terms update, triggered by action: set_object_terms 
[2025-02-27 19:46:36 : INFO] - Cache for URL: https://saridis.local/catalog/vyalenye-tomaty-v-masle-so-specziyami-buono-41-kg/ has been purged, triggered by action: save_post 
[2025-02-27 19:46:37 : INFO] - Cache for multiple term taxonomy have been purged due to post terms update, triggered by action: set_object_terms 
[2025-02-27 19:46:37 : INFO] - Cache for multiple term taxonomy have been purged due to post terms update, triggered by action: set_object_terms 
[2025-02-27 19:46:37 : INFO] - Cache for URL: https://saridis.local/catalog/gigantskaya-zapechyonnaya-fasol-onassis-280-gr/ has been purged, triggered by action: save_post 
[2025-02-27 19:46:38 : INFO] - Cache for multiple term taxonomy have been purged due to post terms update, triggered by action: set_object_terms 
[2025-02-27 19:46:38 : INFO] - Cache for multiple term taxonomy have been purged due to post terms update, triggered by action: set_object_terms 
[2025-02-27 19:46:38 : INFO] - Cache for URL: https://saridis.local/catalog/zapechyonnyj-krasnyj-perecz-buono-465-gr/ has been purged, triggered by action: save_post 
[2025-02-27 19:46:38 : INFO] - Cache for multiple term taxonomy have been purged due to post terms update, triggered by action: set_object_terms 
[2025-02-27 19:46:38 : INFO] - Cache for multiple term taxonomy have been purged due to post terms update, triggered by action: set_object_terms 
[2025-02-27 19:46:39 : INFO] - Cache for URL: https://saridis.local/catalog/zapechyonnyj-krasnyj-i-zheltyj-perecz-buono-465-gr/ has been purged, triggered by action: save_post 
[2025-02-27 19:46:39 : INFO] - Cache for multiple term taxonomy have been purged due to post terms update, triggered by action: set_object_terms 
[2025-02-27 19:46:39 : INFO] - Cache for multiple term taxonomy have been purged due to post terms update, triggered by action: set_object_terms 
[2025-02-27 19:46:40 : INFO] - Cache for URL: https://saridis.local/catalog/makarony-dlya-pasticzio-ellinikos-sitos-500-gr/ has been purged, triggered by action: save_post 
[2025-02-27 19:46:40 : INFO] - Cache for multiple term taxonomy have been purged due to post terms update, triggered by action: set_object_terms 
[2025-02-27 19:46:40 : INFO] - Cache for multiple term taxonomy have been purged due to post terms update, triggered by action: set_object_terms 
[2025-02-27 19:46:41 : INFO] - Cache for URL: https://saridis.local/catalog/spagetti-%e2%84%966-ellinikos-sitos-500-gr/ has been purged, triggered by action: save_post 
[2025-02-27 19:46:41 : INFO] - Cache for multiple term taxonomy have been purged due to post terms update, triggered by action: set_object_terms 
[2025-02-27 19:46:41 : INFO] - Cache for multiple term taxonomy have been purged due to post terms update, triggered by action: set_object_terms 
[2025-02-27 19:46:42 : INFO] - Cache for URL: https://saridis.local/catalog/spagetti-%e2%84%9610-ellinikos-sitos-500-gr/ has been purged, triggered by action: save_post 
[2025-02-27 19:46:42 : INFO] - Cache for multiple term taxonomy have been purged due to post terms update, triggered by action: set_object_terms 
[2025-02-27 19:46:42 : INFO] - Cache for multiple term taxonomy have been purged due to post terms update, triggered by action: set_object_terms 
[2025-02-27 19:46:43 : INFO] - Cache for URL: https://saridis.local/catalog/penne-rigate-ellinikos-sitos-500-gr/ has been purged, triggered by action: save_post 
[2025-02-27 19:46:43 : INFO] - Cache for multiple term taxonomy have been purged due to post terms update, triggered by action: set_object_terms 
[2025-02-27 19:46:43 : INFO] - Cache for multiple term taxonomy have been purged due to post terms update, triggered by action: set_object_terms 
[2025-02-27 19:46:44 : INFO] - Cache for URL: https://saridis.local/catalog/makarony-orzo-ellinikos-sitos-500-gr/ has been purged, triggered by action: save_post 
[2025-02-27 19:46:44 : INFO] - Cache for multiple term taxonomy have been purged due to post terms update, triggered by action: set_object_terms 
[2025-02-27 19:46:44 : INFO] - Cache for multiple term taxonomy have been purged due to post terms update, triggered by action: set_object_terms 
[2025-02-27 19:46:45 : INFO] - Cache for URL: https://saridis.local/catalog/fuzilli-ellinikos-sitos-500-gr/ has been purged, triggered by action: save_post 
[2025-02-27 19:46:45 : INFO] - Cache for multiple term taxonomy have been purged due to post terms update, triggered by action: set_object_terms 
[2025-02-27 19:46:45 : INFO] - Cache for multiple term taxonomy have been purged due to post terms update, triggered by action: set_object_terms 
[2025-02-27 19:46:46 : INFO] - Cache for URL: https://saridis.local/catalog/50-50-praline-i-tahini-meletiadis-400-gr/ has been purged, triggered by action: save_post 
[2025-02-27 19:46:47 : INFO] - Cache for multiple term taxonomy have been purged due to post terms update, triggered by action: set_object_terms 
[2025-02-27 19:46:47 : INFO] - Cache for multiple term taxonomy have been purged due to post terms update, triggered by action: set_object_terms 
[2025-02-27 19:46:47 : INFO] - Cache for URL: https://saridis.local/catalog/lukum-meletiadis-co-vkusom-apelsina-300-gr/ has been purged, triggered by action: save_post 
[2025-02-27 19:46:47 : INFO] - Cache for multiple term taxonomy have been purged due to post terms update, triggered by action: set_object_terms 
[2025-02-27 19:46:47 : INFO] - Cache for multiple term taxonomy have been purged due to post terms update, triggered by action: set_object_terms 
[2025-02-27 19:46:48 : INFO] - Cache for URL: https://saridis.local/catalog/myagkoe-pechene-allatini-kings-s-kokosom-i-belym-shokoladom-180-gr/ has been purged, triggered by action: save_post 
[2025-02-27 19:46:48 : INFO] - Cache for multiple term taxonomy have been purged due to post terms update, triggered by action: set_object_terms 
[2025-02-27 19:46:48 : INFO] - Cache for multiple term taxonomy have been purged due to post terms update, triggered by action: set_object_terms 
[2025-02-27 19:46:49 : INFO] - Cache for URL: https://saridis.local/catalog/myagkoe-pechene-allatini-kings-s-trojnym-shokoladom-180-gr/ has been purged, triggered by action: save_post 
[2025-02-27 19:46:49 : INFO] - Cache for multiple term taxonomy have been purged due to post terms update, triggered by action: set_object_terms 
[2025-02-27 19:46:49 : INFO] - Cache for multiple term taxonomy have been purged due to post terms update, triggered by action: set_object_terms 
[2025-02-27 19:46:50 : INFO] - Cache for URL: https://saridis.local/catalog/myagkoe-pechene-allatini-kings-s-molochnym-shokoladom-180-gr/ has been purged, triggered by action: save_post 
[2025-02-27 19:46:50 : INFO] - Cache for multiple term taxonomy have been purged due to post terms update, triggered by action: set_object_terms 
[2025-02-27 19:46:50 : INFO] - Cache for multiple term taxonomy have been purged due to post terms update, triggered by action: set_object_terms 
[2025-02-27 19:46:51 : INFO] - Cache for URL: https://saridis.local/catalog/myagkoe-pechene-allatini-kings-s-tyomnym-shokoladom-180-gr/ has been purged, triggered by action: save_post 
[2025-02-27 19:46:51 : INFO] - Cache for multiple term taxonomy have been purged due to post terms update, triggered by action: set_object_terms 
[2025-02-27 19:46:51 : INFO] - Cache for multiple term taxonomy have been purged due to post terms update, triggered by action: set_object_terms 
[2025-02-27 19:46:52 : INFO] - Cache for URL: https://saridis.local/catalog/pechene-gemista-s-bananovym-kremom-200-gr/ has been purged, triggered by action: save_post 
[2025-02-27 19:46:52 : INFO] - Cache for multiple term taxonomy have been purged due to post terms update, triggered by action: set_object_terms 
[2025-02-27 19:46:52 : INFO] - Cache for multiple term taxonomy have been purged due to post terms update, triggered by action: set_object_terms 
[2025-02-27 19:46:53 : INFO] - Cache for URL: https://saridis.local/catalog/pechene-gemista-s-vanilnym-kremom-200-gr/ has been purged, triggered by action: save_post 
[2025-02-27 19:46:53 : INFO] - Cache for multiple term taxonomy have been purged due to post terms update, triggered by action: set_object_terms 
[2025-02-27 19:46:53 : INFO] - Cache for multiple term taxonomy have been purged due to post terms update, triggered by action: set_object_terms 
[2025-02-27 19:46:54 : INFO] - Cache for URL: https://saridis.local/catalog/pechene-gemista-s-shokoladnym-kremom-200-gr/ has been purged, triggered by action: save_post 
[2025-02-27 19:46:54 : INFO] - Cache for multiple term taxonomy have been purged due to post terms update, triggered by action: set_object_terms 
[2025-02-27 19:46:54 : INFO] - Cache for multiple term taxonomy have been purged due to post terms update, triggered by action: set_object_terms 
[2025-02-27 19:46:55 : INFO] - Cache for URL: https://saridis.local/catalog/pechene-gemista-s-apelsinovym-kremom-200-gr/ has been purged, triggered by action: save_post 
[2025-02-27 19:46:55 : INFO] - Cache for multiple term taxonomy have been purged due to post terms update, triggered by action: set_object_terms 
[2025-02-27 19:46:55 : INFO] - Cache for multiple term taxonomy have been purged due to post terms update, triggered by action: set_object_terms 
[2025-02-27 19:46:56 : INFO] - Cache for URL: https://saridis.local/catalog/pechene-gemista-s-klubnichnym-kremom-200-gr/ has been purged, triggered by action: save_post 
[2025-02-27 19:46:57 : INFO] - Cache for multiple term taxonomy have been purged due to post terms update, triggered by action: set_object_terms 
[2025-02-27 19:46:58 : INFO] - Cache for multiple term taxonomy have been purged due to post terms update, triggered by action: set_object_terms 
[2025-02-27 19:46:58 : INFO] - Cache for URL: https://saridis.local/catalog/granola-le-petit-dejeuner-tsakiris-family-s-lesnymi-yagodami-350-gr/ has been purged, triggered by action: save_post 
[2025-02-27 19:46:59 : INFO] - Cache for multiple term taxonomy have been purged due to post terms update, triggered by action: set_object_terms 
[2025-02-27 19:46:59 : INFO] - Cache for multiple term taxonomy have been purged due to post terms update, triggered by action: set_object_terms 
[2025-02-27 19:46:59 : INFO] - Cache for URL: https://saridis.local/catalog/olivkovoe-maslo-bio-origin-of-sitia-extra-virgin-1l/ has been purged, triggered by action: save_post 
[2025-02-27 19:47:00 : INFO] - Cache for multiple term taxonomy have been purged due to post terms update, triggered by action: set_object_terms 
[2025-02-27 19:47:00 : INFO] - Cache for multiple term taxonomy have been purged due to post terms update, triggered by action: set_object_terms 
[2025-02-27 19:47:00 : INFO] - Cache for URL: https://saridis.local/catalog/olivkovoe-maslo-bio-origin-of-sitia-extra-virgin-500ml/ has been purged, triggered by action: save_post 
[2025-02-27 19:47:01 : INFO] - Cache for multiple term taxonomy have been purged due to post terms update, triggered by action: set_object_terms 
[2025-02-27 19:47:01 : INFO] - Cache for multiple term taxonomy have been purged due to post terms update, triggered by action: set_object_terms 
[2025-02-27 19:47:02 : INFO] - Cache for URL: https://saridis.local/catalog/granola-le-petit-dejeuner-tsakiris-family-s-shokoladom-350-gr/ has been purged, triggered by action: save_post 
[2025-02-27 19:47:02 : INFO] - Cache for multiple term taxonomy have been purged due to post terms update, triggered by action: set_object_terms 
[2025-02-27 19:47:02 : INFO] - Cache for multiple term taxonomy have been purged due to post terms update, triggered by action: set_object_terms 
[2025-02-27 19:47:03 : INFO] - Cache for URL: https://saridis.local/catalog/granola-le-petit-dejeuner-tsakiris-family-organik-s-kinoa-i-smesyu-semyan-350-gr/ has been purged, triggered by action: save_post 
[2025-02-27 19:47:03 : INFO] - Cache for multiple term taxonomy have been purged due to post terms update, triggered by action: set_object_terms 
[2025-02-27 19:47:03 : INFO] - Cache for multiple term taxonomy have been purged due to post terms update, triggered by action: set_object_terms 
[2025-02-27 19:47:04 : INFO] - Cache for URL: https://saridis.local/catalog/granola-le-petit-dejeuner-tsakiris-family-bez-sahara-350-gr/ has been purged, triggered by action: save_post 
[2025-02-27 19:47:04 : INFO] - Cache for multiple term taxonomy have been purged due to post terms update, triggered by action: set_object_terms 
[2025-02-27 19:47:04 : INFO] - Cache for multiple term taxonomy have been purged due to post terms update, triggered by action: set_object_terms 
[2025-02-27 19:47:05 : INFO] - Cache for URL: https://saridis.local/catalog/granola-le-petit-dejeuner-tsakiris-family-s-vysokim-soderzhaniem-belka-350-gr/ has been purged, triggered by action: save_post 
[2025-02-27 19:47:05 : INFO] - Cache for multiple term taxonomy have been purged due to post terms update, triggered by action: set_object_terms 
[2025-02-27 19:47:05 : INFO] - Cache for multiple term taxonomy have been purged due to post terms update, triggered by action: set_object_terms 
[2025-02-27 19:47:06 : INFO] - Cache for URL: https://saridis.local/catalog/gotovyj-zavtrak-le-petit-dejeuner-tsakiris-family-shokoladnye-hlopya-500gr/ has been purged, triggered by action: save_post 
[2025-02-27 19:47:06 : INFO] - Cache for multiple term taxonomy have been purged due to post terms update, triggered by action: set_object_terms 
[2025-02-27 19:47:06 : INFO] - Cache for multiple term taxonomy have been purged due to post terms update, triggered by action: set_object_terms 
[2025-02-27 19:47:06 : INFO] - Cache for URL: https://saridis.local/catalog/gotovyj-zavtrak-le-petit-dejeuner-tsakiris-family-medovye-kolcza-500gr/ has been purged, triggered by action: save_post 
[2025-02-27 19:47:07 : INFO] - Cache for multiple term taxonomy have been purged due to post terms update, triggered by action: set_object_terms 
[2025-02-27 19:47:07 : INFO] - Cache for multiple term taxonomy have been purged due to post terms update, triggered by action: set_object_terms 
[2025-02-27 19:47:07 : INFO] - Cache for URL: https://saridis.local/catalog/gotovyj-zavtrak-le-petit-dejeuner-tsakiris-family-shokoladnyj-ris-500gr/ has been purged, triggered by action: save_post 
[2025-02-27 19:47:08 : INFO] - Cache for multiple term taxonomy have been purged due to post terms update, triggered by action: set_object_terms 
[2025-02-27 19:47:08 : INFO] - Cache for multiple term taxonomy have been purged due to post terms update, triggered by action: set_object_terms 
[2025-02-27 19:47:08 : INFO] - Cache for URL: https://saridis.local/catalog/gotovyj-zavtrak-le-petit-dejeuner-tsakiris-family-bez-glyutena-kukuruznye-hlopya-300gr/ has been purged, triggered by action: save_post 
[2025-02-27 19:47:09 : INFO] - Cache for multiple term taxonomy have been purged due to post terms update, triggered by action: set_object_terms 
[2025-02-27 19:47:09 : INFO] - Cache for multiple term taxonomy have been purged due to post terms update, triggered by action: set_object_terms 
[2025-02-27 19:47:10 : INFO] - Cache for URL: https://saridis.local/catalog/olivkovoe-maslo-latzimas-organic-extra-virgin-500ml/ has been purged, triggered by action: save_post 
[2025-02-27 19:47:10 : INFO] - Cache for multiple term taxonomy have been purged due to post terms update, triggered by action: set_object_terms 
[2025-02-27 19:47:10 : INFO] - Cache for multiple term taxonomy have been purged due to post terms update, triggered by action: set_object_terms 
[2025-02-27 19:47:10 : INFO] - Cache for URL: https://saridis.local/catalog/timyanovyj-myod-melopeion-fylladitakis-bio-400gr/ has been purged, triggered by action: save_post 
[2025-02-27 19:47:11 : INFO] - Cache for multiple term taxonomy have been purged due to post terms update, triggered by action: set_object_terms 
[2025-02-27 19:47:11 : INFO] - Cache for multiple term taxonomy have been purged due to post terms update, triggered by action: set_object_terms 
[2025-02-27 19:47:12 : INFO] - Cache for URL: https://saridis.local/catalog/timyanovyj-myod-melopeion-fylladitakis-bio-800gr/ has been purged, triggered by action: save_post 
[2025-02-27 20:11:49 : INFO] - Cache for URL: https://saridis.local/?page_id=900 has been purged, triggered by action: save_post 
[2025-02-27 20:13:08 : INFO] - Cache for URL: https://saridis.local/search/ has been purged, triggered by action: save_post 
[2025-02-27 20:13:14 : INFO] - Cache for URL: https://saridis.local/search/ has been purged, triggered by action: save_post 
[2025-02-28 13:45:09 : INFO] - Cache for URL: https://saridis2.efremisdenov.ru/?p=902 has been purged, triggered by action: save_post 
[2025-02-28 13:45:09 : INFO] - Cache for all archives page associated with post_type: post and Title: "Черновик" have been purged, triggered by action: save_post 
[2025-02-28 16:29:02 : INFO] - Cache for URL: https://saridis2.efremisdenov.ru/ has been purged, triggered by action: save_post 
[2025-02-28 16:34:06 : INFO] - Cache for URL: https://saridis2.efremisdenov.ru/recipes/bugatsa-grecheskij-pirog-s-myasom-4/ has been purged, triggered by action: save_post 
[2025-02-28 16:38:45 : INFO] - Cache for URL: https://saridis2.efremisdenov.ru/recipes/bugatsa-grecheskij-pirog-s-myasom-4/ has been purged, triggered by action: save_post 
[2025-02-28 16:42:55 : INFO] - Cache for URL: https://saridis2.efremisdenov.ru/recipes/bugatsa-grecheskij-pirog-s-myasom-4/ has been purged, triggered by action: save_post 
[2025-02-28 16:53:38 : INFO] - Cache for URL: https://opt.saridis.ru/recipes/avgolemono-grecheskij-sup/ has been purged, triggered by action: save_post 
[2025-02-28 16:55:57 : INFO] - Cache for URL: https://opt.saridis.ru/recipes/avgolemono-grecheskij-sup/ has been purged, triggered by action: save_post 
[2025-02-28 16:59:44 : INFO] - Cache for URL: https://opt.saridis.ru/recipes/musaka-ili-musakas-tradicionnoe-grecheskoe-bludo/ has been purged, triggered by action: save_post 
[2025-02-28 17:00:17 : INFO] - Cache for URL: https://opt.saridis.ru/recipes/musaka-ili-musakas-tradicionnoe-grecheskoe-bludo/ has been purged, triggered by action: save_post 
[2025-02-28 17:02:58 : INFO] - Cache for URL: https://opt.saridis.ru/recipes/musaka-ili-musakas-tradicionnoe-grecheskoe-bludo/ has been purged, triggered by action: save_post 
[2025-02-28 17:16:24 : INFO] - Cache for URL: https://opt.saridis.ru/recipes/bugatsa-grecheskij-pirog-s-myasom/ has been purged, triggered by action: save_post 
[2025-02-28 17:17:04 : INFO] - Cache for URL: https://opt.saridis.ru/recipes/bugatsa-grecheskij-pirog-s-myasom/ has been purged, triggered by action: save_post 
[2025-02-28 17:20:11 : INFO] - Cache for URL: https://opt.saridis.ru/recipes/bugatsa-grecheskij-pirog-s-myasom/ has been purged, triggered by action: save_post 
[2025-02-28 17:20:26 : INFO] - Cache for URL: https://opt.saridis.ru/recipes/picca-s-syrom-feta-i-zharenym-chesnokom/ has been purged, triggered by action: save_post 
[2025-02-28 17:21:25 : INFO] - Cache for URL: https://opt.saridis.ru/ has been purged, triggered by action: save_post 
[2025-02-28 17:33:28 : INFO] - Cache for URL: https://opt.saridis.ru/orders/infosaridis-ru/ has been purged, triggered by action: save_post 
[2025-02-28 20:47:46 : INFO] - Cache for URL: https://opt.saridis.ru/orders/infosaridis-ru/ has been purged, triggered by action: wp_trash_post 
[2025-02-28 20:47:47 : INFO] - Cache for URL: https://opt.saridis.ru/?post_type=orders&p=925 has been purged, triggered by action: save_post 
[2025-02-28 20:55:30 : INFO] - Cache for URL: https://opt.saridis.ru/orders/infosaridis-ru/ has been purged, triggered by action: save_post 
[2025-02-28 20:56:16 : INFO] - Cache for URL: https://opt.saridis.ru/orders/infosaridis-ru/ has been purged, triggered by action: wp_trash_post 
[2025-02-28 20:56:17 : INFO] - Cache for URL: https://opt.saridis.ru/?post_type=orders&p=932 has been purged, triggered by action: save_post 
[2025-02-28 20:56:20 : INFO] - Cache for URL: https://opt.saridis.ru/?post_type=orders&p=932 has been purged, triggered by action: save_post 
[2025-03-03 04:57:16 : INFO] - Cache for URL: https://opt.saridis.ru/?p=933 has been purged, triggered by action: save_post 
[2025-03-03 04:57:16 : INFO] - Cache for all archives page associated with post_type: post and Title: "Черновик" have been purged, triggered by action: save_post 
[2025-03-04 09:18:36 : INFO] - Cache for multiple term taxonomy have been purged due to post terms update, triggered by action: set_object_terms 
[2025-03-04 09:18:36 : INFO] - Cache for multiple term taxonomy have been purged due to post terms update, triggered by action: set_object_terms 
[2025-03-04 09:18:36 : INFO] - Cache for multiple term taxonomy have been purged due to post terms update, triggered by action: set_object_terms 
[2025-03-04 09:18:36 : INFO] - Cache for multiple term taxonomy have been purged due to post terms update, triggered by action: set_object_terms 
[2025-03-04 09:18:36 : INFO] - Cache for URL: https://opt.saridis.ru/catalog/timyanovyj-myod-melopeion-fylladitakis-bio-800gr/ has been purged, triggered by action: save_post 
[2025-03-04 09:21:50 : INFO] - Cache for multiple term taxonomy have been purged due to post terms update, triggered by action: set_object_terms 
[2025-03-04 09:21:50 : INFO] - Cache for multiple term taxonomy have been purged due to post terms update, triggered by action: set_object_terms 
[2025-03-04 09:21:51 : INFO] - Cache for multiple term taxonomy have been purged due to post terms update, triggered by action: set_object_terms 
[2025-03-04 09:21:51 : INFO] - Cache for multiple term taxonomy have been purged due to post terms update, triggered by action: set_object_terms 
[2025-03-04 09:21:51 : INFO] - Cache for URL: https://opt.saridis.ru/catalog/timyanovyj-myod-melopeion-fylladitakis-bio-800gr/ has been purged, triggered by action: save_post 
[2025-03-04 09:21:58 : INFO] - Cache for multiple term taxonomy have been purged due to post terms update, triggered by action: set_object_terms 
[2025-03-04 09:21:58 : INFO] - Cache for multiple term taxonomy have been purged due to post terms update, triggered by action: set_object_terms 
[2025-03-04 09:21:58 : INFO] - Cache for multiple term taxonomy have been purged due to post terms update, triggered by action: set_object_terms 
[2025-03-04 09:21:58 : INFO] - Cache for multiple term taxonomy have been purged due to post terms update, triggered by action: set_object_terms 
[2025-03-04 09:21:58 : INFO] - Cache for URL: https://opt.saridis.ru/catalog/timyanovyj-myod-melopeion-fylladitakis-bio-800gr/ has been purged, triggered by action: save_post 
[2025-03-04 09:22:05 : INFO] - Cache for multiple term taxonomy have been purged due to post terms update, triggered by action: set_object_terms 
[2025-03-04 09:22:05 : INFO] - Cache for multiple term taxonomy have been purged due to post terms update, triggered by action: set_object_terms 
[2025-03-04 09:22:05 : INFO] - Cache for multiple term taxonomy have been purged due to post terms update, triggered by action: set_object_terms 
[2025-03-04 09:22:05 : INFO] - Cache for multiple term taxonomy have been purged due to post terms update, triggered by action: set_object_terms 
[2025-03-04 09:22:05 : INFO] - Cache for URL: https://opt.saridis.ru/catalog/timyanovyj-myod-melopeion-fylladitakis-bio-800gr/ has been purged, triggered by action: save_post 
[2025-03-04 09:23:36 : INFO] - Cache for multiple term taxonomy have been purged due to post terms update, triggered by action: set_object_terms 
[2025-03-04 09:23:36 : INFO] - Cache for multiple term taxonomy have been purged due to post terms update, triggered by action: set_object_terms 
[2025-03-04 09:23:37 : INFO] - Cache for multiple term taxonomy have been purged due to post terms update, triggered by action: set_object_terms 
[2025-03-04 09:23:37 : INFO] - Cache for multiple term taxonomy have been purged due to post terms update, triggered by action: set_object_terms 
[2025-03-04 09:23:37 : INFO] - Cache for URL: https://opt.saridis.ru/catalog/timyanovyj-myod-melopeion-fylladitakis-bio-800gr/ has been purged, triggered by action: save_post 
[2025-03-04 09:25:23 : INFO] - Cache for multiple term taxonomy have been purged due to post terms update, triggered by action: set_object_terms 
[2025-03-04 09:25:23 : INFO] - Cache for multiple term taxonomy have been purged due to post terms update, triggered by action: set_object_terms 
[2025-03-04 09:25:23 : INFO] - Cache for multiple term taxonomy have been purged due to post terms update, triggered by action: set_object_terms 
[2025-03-04 09:25:23 : INFO] - Cache for multiple term taxonomy have been purged due to post terms update, triggered by action: set_object_terms 
[2025-03-04 09:25:23 : INFO] - Cache for URL: https://opt.saridis.ru/catalog/timyanovyj-myod-melopeion-fylladitakis-bio-800gr/ has been purged, triggered by action: save_post 
[2025-03-04 09:25:31 : INFO] - Cache for multiple term taxonomy have been purged due to post terms update, triggered by action: set_object_terms 
[2025-03-04 09:25:31 : INFO] - Cache for multiple term taxonomy have been purged due to post terms update, triggered by action: set_object_terms 
[2025-03-04 09:25:31 : INFO] - Cache for multiple term taxonomy have been purged due to post terms update, triggered by action: set_object_terms 
[2025-03-04 09:25:31 : INFO] - Cache for multiple term taxonomy have been purged due to post terms update, triggered by action: set_object_terms 
[2025-03-04 09:25:31 : INFO] - Cache for URL: https://opt.saridis.ru/catalog/timyanovyj-myod-melopeion-fylladitakis-bio-800gr/ has been purged, triggered by action: save_post 
[2025-03-04 09:25:38 : INFO] - Cache for multiple term taxonomy have been purged due to post terms update, triggered by action: set_object_terms 
[2025-03-04 09:25:38 : INFO] - Cache for multiple term taxonomy have been purged due to post terms update, triggered by action: set_object_terms 
[2025-03-04 09:25:39 : INFO] - Cache for multiple term taxonomy have been purged due to post terms update, triggered by action: set_object_terms 
[2025-03-04 09:25:39 : INFO] - Cache for multiple term taxonomy have been purged due to post terms update, triggered by action: set_object_terms 
[2025-03-04 09:25:39 : INFO] - Cache for URL: https://opt.saridis.ru/catalog/timyanovyj-myod-melopeion-fylladitakis-bio-800gr/ has been purged, triggered by action: save_post 
[2025-03-04 09:38:54 : INFO] - Cache for URL: https://opt.saridis.ru/?post_type=registers&p=943 has been purged, triggered by action: save_post 
[2025-03-04 09:39:42 : INFO] - Cache for URL: https://opt.saridis.ru/?post_type=registers&p=945 has been purged, triggered by action: save_post 
[2025-03-05 10:33:20 : INFO] - Cache for URL: https://opt.saridis.ru/?post_type=recipes&p=946 has been purged, triggered by action: save_post 
[2025-03-05 10:35:22 : INFO] - Cache for multiple term taxonomy have been purged due to post terms update, triggered by action: set_object_terms 
[2025-03-05 10:35:22 : INFO] - Cache for multiple term taxonomy have been purged due to post terms update, triggered by action: set_object_terms 
[2025-03-05 10:35:23 : INFO] - Cache for multiple term taxonomy have been purged due to post terms update, triggered by action: set_object_terms 
[2025-03-05 10:35:23 : INFO] - Cache for multiple term taxonomy have been purged due to post terms update, triggered by action: set_object_terms 
[2025-03-05 10:35:23 : INFO] - Cache for URL: https://opt.saridis.ru/catalog/olivkovoe-maslo-latzimas-organic-extra-virgin-500ml/ has been purged, triggered by action: save_post 
[2025-03-05 10:36:53 : INFO] - Cache for multiple term taxonomy have been purged due to post terms update, triggered by action: set_object_terms 
[2025-03-05 10:36:53 : INFO] - Cache for multiple term taxonomy have been purged due to post terms update, triggered by action: set_object_terms 
[2025-03-05 10:36:54 : INFO] - Cache for multiple term taxonomy have been purged due to post terms update, triggered by action: set_object_terms 
[2025-03-05 10:36:54 : INFO] - Cache for multiple term taxonomy have been purged due to post terms update, triggered by action: set_object_terms 
[2025-03-05 10:36:54 : INFO] - Cache for URL: https://opt.saridis.ru/catalog/olivkovoe-maslo-latzimas-organic-extra-virgin-500ml/ has been purged, triggered by action: save_post 
[2025-03-05 10:37:00 : INFO] - Cache for multiple term taxonomy have been purged due to post terms update, triggered by action: set_object_terms 
[2025-03-05 10:37:00 : INFO] - Cache for multiple term taxonomy have been purged due to post terms update, triggered by action: set_object_terms 
[2025-03-05 10:37:01 : INFO] - Cache for multiple term taxonomy have been purged due to post terms update, triggered by action: set_object_terms 
[2025-03-05 10:37:01 : INFO] - Cache for multiple term taxonomy have been purged due to post terms update, triggered by action: set_object_terms 
[2025-03-05 10:37:01 : INFO] - Cache for URL: https://opt.saridis.ru/catalog/olivkovoe-maslo-latzimas-organic-extra-virgin-500ml/ has been purged, triggered by action: save_post 
[2025-03-05 10:41:16 : INFO] - Cache for multiple term taxonomy have been purged due to post terms update, triggered by action: set_object_terms 
[2025-03-05 10:41:16 : INFO] - Cache for multiple term taxonomy have been purged due to post terms update, triggered by action: set_object_terms 
[2025-03-05 10:41:16 : INFO] - Cache for multiple term taxonomy have been purged due to post terms update, triggered by action: set_object_terms 
[2025-03-05 10:41:16 : INFO] - Cache for multiple term taxonomy have been purged due to post terms update, triggered by action: set_object_terms 
[2025-03-05 10:41:16 : INFO] - Cache for URL: https://opt.saridis.ru/catalog/olivkovoe-maslo-latzimas-organic-extra-virgin-500ml/ has been purged, triggered by action: save_post 
[2025-03-05 10:41:21 : INFO] - Cache for multiple term taxonomy have been purged due to post terms update, triggered by action: set_object_terms 
[2025-03-05 10:41:21 : INFO] - Cache for multiple term taxonomy have been purged due to post terms update, triggered by action: set_object_terms 
[2025-03-05 10:41:22 : INFO] - Cache for multiple term taxonomy have been purged due to post terms update, triggered by action: set_object_terms 
[2025-03-05 10:41:22 : INFO] - Cache for multiple term taxonomy have been purged due to post terms update, triggered by action: set_object_terms 
[2025-03-05 10:41:22 : INFO] - Cache for URL: https://opt.saridis.ru/catalog/olivkovoe-maslo-latzimas-organic-extra-virgin-500ml/ has been purged, triggered by action: save_post 
[2025-03-05 10:41:28 : INFO] - Cache for multiple term taxonomy have been purged due to post terms update, triggered by action: set_object_terms 
[2025-03-05 10:41:28 : INFO] - Cache for multiple term taxonomy have been purged due to post terms update, triggered by action: set_object_terms 
[2025-03-05 10:41:28 : INFO] - Cache for multiple term taxonomy have been purged due to post terms update, triggered by action: set_object_terms 
[2025-03-05 10:41:28 : INFO] - Cache for multiple term taxonomy have been purged due to post terms update, triggered by action: set_object_terms 
[2025-03-05 10:41:28 : INFO] - Cache for URL: https://opt.saridis.ru/catalog/olivkovoe-maslo-latzimas-organic-extra-virgin-500ml/ has been purged, triggered by action: save_post 
[2025-03-05 12:50:43 : INFO] - Cache for multiple term taxonomy have been purged due to post terms update, triggered by action: set_object_terms 
[2025-03-05 12:50:43 : INFO] - Cache for multiple term taxonomy have been purged due to post terms update, triggered by action: set_object_terms 
[2025-03-05 12:50:43 : INFO] - Cache for multiple term taxonomy have been purged due to post terms update, triggered by action: set_object_terms 
[2025-03-05 12:50:43 : INFO] - Cache for multiple term taxonomy have been purged due to post terms update, triggered by action: set_object_terms 
[2025-03-05 12:50:43 : INFO] - Cache for URL: https://opt.saridis.ru/catalog/timyanovyj-myod-melopeion-fylladitakis-bio-800gr/ has been purged, triggered by action: save_post 
[2025-03-17 18:57:26 : INFO] - Cache for URL: https://opt.saridis.ru/?p=955 has been purged, triggered by action: save_post 
[2025-03-17 18:57:26 : INFO] - Cache for all archives page associated with post_type: post and Title: "Черновик" have been purged, triggered by action: save_post 
[2025-03-29 14:10:16 : INFO] - Cache for URL: https://opt.saridis.ru/?p=956 has been purged, triggered by action: save_post 
[2025-03-29 14:10:16 : INFO] - Cache for all archives page associated with post_type: post and Title: "Черновик" have been purged, triggered by action: save_post 
[2025-03-29 14:23:46 : INFO] - Cache for multiple term taxonomy have been purged due to post terms update, triggered by action: set_object_terms 
[2025-03-29 14:23:46 : INFO] - Cache for multiple term taxonomy have been purged due to post terms update, triggered by action: set_object_terms 
[2025-03-29 14:23:46 : INFO] - Cache for multiple term taxonomy have been purged due to post terms update, triggered by action: set_object_terms 
[2025-03-29 14:23:46 : INFO] - Cache for multiple term taxonomy have been purged due to post terms update, triggered by action: set_object_terms 
[2025-03-29 14:23:46 : INFO] - Cache for URL: https://opt.saridis.ru/catalog/timyanovyj-myod-melopeion-fylladitakis-bio-800gr/ has been purged, triggered by action: save_post 
[2025-03-31 08:57:31 : INFO] - Cache for URL: https://saridis.local/catalog/timyanovyj-myod-melopeion-fylladitakis-bio-800gr/ has been purged, triggered by action: wp_trash_post 
[2025-03-31 08:57:32 : INFO] - Cache for URL: https://saridis.local/?post_type=catalog&p=899 has been purged, triggered by action: save_post 
[2025-03-31 08:57:32 : INFO] - Cache for URL: https://saridis.local/catalog/timyanovyj-myod-melopeion-fylladitakis-bio-400gr/ has been purged, triggered by action: wp_trash_post 
[2025-03-31 08:57:33 : INFO] - Cache for URL: https://saridis.local/?post_type=catalog&p=897 has been purged, triggered by action: save_post 
[2025-03-31 08:57:33 : INFO] - Cache for URL: https://saridis.local/catalog/olivkovoe-maslo-latzimas-organic-extra-virgin-500ml/ has been purged, triggered by action: wp_trash_post 
[2025-03-31 08:57:34 : INFO] - Cache for URL: https://saridis.local/?post_type=catalog&p=895 has been purged, triggered by action: save_post 
[2025-03-31 08:57:34 : INFO] - Cache for URL: https://saridis.local/catalog/gotovyj-zavtrak-le-petit-dejeuner-tsakiris-family-bez-glyutena-kukuruznye-hlopya-300gr/ has been purged, triggered by action: wp_trash_post 
[2025-03-31 08:57:39 : INFO] - Cache for URL: https://saridis.local/?post_type=catalog&p=893 has been purged, triggered by action: save_post 
[2025-03-31 08:57:39 : INFO] - Cache for URL: https://saridis.local/catalog/gotovyj-zavtrak-le-petit-dejeuner-tsakiris-family-shokoladnyj-ris-500gr/ has been purged, triggered by action: wp_trash_post 
[2025-03-31 08:57:40 : INFO] - Cache for URL: https://saridis.local/?post_type=catalog&p=891 has been purged, triggered by action: save_post 
[2025-03-31 08:57:40 : INFO] - Cache for URL: https://saridis.local/catalog/gotovyj-zavtrak-le-petit-dejeuner-tsakiris-family-medovye-kolcza-500gr/ has been purged, triggered by action: wp_trash_post 
[2025-03-31 08:57:41 : INFO] - Cache for URL: https://saridis.local/?post_type=catalog&p=889 has been purged, triggered by action: save_post 
[2025-03-31 08:57:41 : INFO] - Cache for URL: https://saridis.local/catalog/gotovyj-zavtrak-le-petit-dejeuner-tsakiris-family-shokoladnye-hlopya-500gr/ has been purged, triggered by action: wp_trash_post 
[2025-03-31 08:57:42 : INFO] - Cache for URL: https://saridis.local/?post_type=catalog&p=887 has been purged, triggered by action: save_post 
[2025-03-31 08:57:42 : INFO] - Cache for URL: https://saridis.local/catalog/granola-le-petit-dejeuner-tsakiris-family-s-vysokim-soderzhaniem-belka-350-gr/ has been purged, triggered by action: wp_trash_post 
[2025-03-31 08:57:43 : INFO] - Cache for URL: https://saridis.local/?post_type=catalog&p=885 has been purged, triggered by action: save_post 
[2025-03-31 08:57:43 : INFO] - Cache for URL: https://saridis.local/catalog/granola-le-petit-dejeuner-tsakiris-family-bez-sahara-350-gr/ has been purged, triggered by action: wp_trash_post 
[2025-03-31 08:57:45 : INFO] - Cache for URL: https://saridis.local/?post_type=catalog&p=883 has been purged, triggered by action: save_post 
[2025-03-31 08:57:45 : INFO] - Cache for URL: https://saridis.local/catalog/granola-le-petit-dejeuner-tsakiris-family-organik-s-kinoa-i-smesyu-semyan-350-gr/ has been purged, triggered by action: wp_trash_post 
[2025-03-31 08:57:46 : INFO] - Cache for URL: https://saridis.local/?post_type=catalog&p=881 has been purged, triggered by action: save_post 
[2025-03-31 08:57:46 : INFO] - Cache for URL: https://saridis.local/catalog/granola-le-petit-dejeuner-tsakiris-family-s-shokoladom-350-gr/ has been purged, triggered by action: wp_trash_post 
[2025-03-31 08:57:47 : INFO] - Cache for URL: https://saridis.local/?post_type=catalog&p=879 has been purged, triggered by action: save_post 
[2025-03-31 08:57:47 : INFO] - Cache for URL: https://saridis.local/catalog/olivkovoe-maslo-bio-origin-of-sitia-extra-virgin-500ml/ has been purged, triggered by action: wp_trash_post 
[2025-03-31 08:57:48 : INFO] - Cache for URL: https://saridis.local/?post_type=catalog&p=877 has been purged, triggered by action: save_post 
[2025-03-31 08:57:48 : INFO] - Cache for URL: https://saridis.local/catalog/olivkovoe-maslo-bio-origin-of-sitia-extra-virgin-1l/ has been purged, triggered by action: wp_trash_post 
[2025-03-31 08:57:49 : INFO] - Cache for URL: https://saridis.local/?post_type=catalog&p=875 has been purged, triggered by action: save_post 
[2025-03-31 08:57:49 : INFO] - Cache for URL: https://saridis.local/catalog/granola-le-petit-dejeuner-tsakiris-family-s-lesnymi-yagodami-350-gr/ has been purged, triggered by action: wp_trash_post 
[2025-03-31 08:57:50 : INFO] - Cache for URL: https://saridis.local/?post_type=catalog&p=873 has been purged, triggered by action: save_post 
[2025-03-31 08:57:50 : INFO] - Cache for URL: https://saridis.local/catalog/pechene-gemista-s-klubnichnym-kremom-200-gr/ has been purged, triggered by action: wp_trash_post 
[2025-03-31 08:57:52 : INFO] - Cache for URL: https://saridis.local/?post_type=catalog&p=871 has been purged, triggered by action: save_post 
[2025-03-31 08:57:52 : INFO] - Cache for URL: https://saridis.local/catalog/pechene-gemista-s-apelsinovym-kremom-200-gr/ has been purged, triggered by action: wp_trash_post 
[2025-03-31 08:57:53 : INFO] - Cache for URL: https://saridis.local/?post_type=catalog&p=869 has been purged, triggered by action: save_post 
[2025-03-31 08:57:53 : INFO] - Cache for URL: https://saridis.local/catalog/pechene-gemista-s-shokoladnym-kremom-200-gr/ has been purged, triggered by action: wp_trash_post 
[2025-03-31 08:57:54 : INFO] - Cache for URL: https://saridis.local/?post_type=catalog&p=867 has been purged, triggered by action: save_post 
[2025-03-31 08:57:54 : INFO] - Cache for URL: https://saridis.local/catalog/pechene-gemista-s-vanilnym-kremom-200-gr/ has been purged, triggered by action: wp_trash_post 
[2025-03-31 08:57:55 : INFO] - Cache for URL: https://saridis.local/?post_type=catalog&p=865 has been purged, triggered by action: save_post 
[2025-03-31 08:57:55 : INFO] - Cache for URL: https://saridis.local/catalog/pechene-gemista-s-bananovym-kremom-200-gr/ has been purged, triggered by action: wp_trash_post 
[2025-03-31 08:57:56 : INFO] - Cache for URL: https://saridis.local/?post_type=catalog&p=863 has been purged, triggered by action: save_post 
[2025-03-31 08:57:56 : INFO] - Cache for URL: https://saridis.local/catalog/myagkoe-pechene-allatini-kings-s-tyomnym-shokoladom-180-gr/ has been purged, triggered by action: wp_trash_post 
[2025-03-31 08:57:57 : INFO] - Cache for URL: https://saridis.local/?post_type=catalog&p=861 has been purged, triggered by action: save_post 
[2025-03-31 08:58:03 : INFO] - Cache for URL: https://saridis.local/catalog/myagkoe-pechene-allatini-kings-s-molochnym-shokoladom-180-gr/ has been purged, triggered by action: wp_trash_post 
[2025-03-31 08:58:04 : INFO] - Cache for URL: https://saridis.local/?post_type=catalog&p=859 has been purged, triggered by action: save_post 
[2025-03-31 08:58:04 : INFO] - Cache for URL: https://saridis.local/catalog/myagkoe-pechene-allatini-kings-s-trojnym-shokoladom-180-gr/ has been purged, triggered by action: wp_trash_post 
[2025-03-31 08:58:05 : INFO] - Cache for URL: https://saridis.local/?post_type=catalog&p=857 has been purged, triggered by action: save_post 
[2025-03-31 08:58:05 : INFO] - Cache for URL: https://saridis.local/catalog/myagkoe-pechene-allatini-kings-s-kokosom-i-belym-shokoladom-180-gr/ has been purged, triggered by action: wp_trash_post 
[2025-03-31 08:58:06 : INFO] - Cache for URL: https://saridis.local/?post_type=catalog&p=855 has been purged, triggered by action: save_post 
[2025-03-31 08:58:06 : INFO] - Cache for URL: https://saridis.local/catalog/lukum-meletiadis-co-vkusom-apelsina-300-gr/ has been purged, triggered by action: wp_trash_post 
[2025-03-31 08:58:08 : INFO] - Cache for URL: https://saridis.local/?post_type=catalog&p=853 has been purged, triggered by action: save_post 
[2025-03-31 08:58:08 : INFO] - Cache for URL: https://saridis.local/catalog/50-50-praline-i-tahini-meletiadis-400-gr/ has been purged, triggered by action: wp_trash_post 
[2025-03-31 08:58:09 : INFO] - Cache for URL: https://saridis.local/?post_type=catalog&p=850 has been purged, triggered by action: save_post 
[2025-03-31 08:58:09 : INFO] - Cache for URL: https://saridis.local/catalog/fuzilli-ellinikos-sitos-500-gr/ has been purged, triggered by action: wp_trash_post 
[2025-03-31 08:58:10 : INFO] - Cache for URL: https://saridis.local/?post_type=catalog&p=848 has been purged, triggered by action: save_post 
[2025-03-31 08:58:10 : INFO] - Cache for URL: https://saridis.local/catalog/makarony-orzo-ellinikos-sitos-500-gr/ has been purged, triggered by action: wp_trash_post 
[2025-03-31 08:58:11 : INFO] - Cache for URL: https://saridis.local/?post_type=catalog&p=846 has been purged, triggered by action: save_post 
[2025-03-31 08:58:11 : INFO] - Cache for URL: https://saridis.local/catalog/penne-rigate-ellinikos-sitos-500-gr/ has been purged, triggered by action: wp_trash_post 
[2025-03-31 08:58:12 : INFO] - Cache for URL: https://saridis.local/?post_type=catalog&p=844 has been purged, triggered by action: save_post 
[2025-03-31 08:58:12 : INFO] - Cache for URL: https://saridis.local/catalog/spagetti-%e2%84%9610-ellinikos-sitos-500-gr/ has been purged, triggered by action: wp_trash_post 
[2025-03-31 08:58:14 : INFO] - Cache for URL: https://saridis.local/?post_type=catalog&p=842 has been purged, triggered by action: save_post 
[2025-03-31 08:58:14 : INFO] - Cache for URL: https://saridis.local/catalog/spagetti-%e2%84%966-ellinikos-sitos-500-gr/ has been purged, triggered by action: wp_trash_post 
[2025-03-31 08:58:15 : INFO] - Cache for URL: https://saridis.local/?post_type=catalog&p=840 has been purged, triggered by action: save_post 
[2025-03-31 08:58:15 : INFO] - Cache for URL: https://saridis.local/catalog/makarony-dlya-pasticzio-ellinikos-sitos-500-gr/ has been purged, triggered by action: wp_trash_post 
[2025-03-31 08:58:16 : INFO] - Cache for URL: https://saridis.local/?post_type=catalog&p=838 has been purged, triggered by action: save_post 
[2025-03-31 08:58:16 : INFO] - Cache for URL: https://saridis.local/catalog/zapechyonnyj-krasnyj-perecz-buono-465-gr/ has been purged, triggered by action: wp_trash_post 
[2025-03-31 08:58:17 : INFO] - Cache for URL: https://saridis.local/?post_type=catalog&p=834 has been purged, triggered by action: save_post 
[2025-03-31 08:58:17 : INFO] - Cache for URL: https://saridis.local/catalog/zapechyonnyj-krasnyj-i-zheltyj-perecz-buono-465-gr/ has been purged, triggered by action: wp_trash_post 
[2025-03-31 08:58:18 : INFO] - Cache for URL: https://saridis.local/?post_type=catalog&p=836 has been purged, triggered by action: save_post 
[2025-03-31 08:58:18 : INFO] - Cache for URL: https://saridis.local/catalog/gigantskaya-zapechyonnaya-fasol-onassis-280-gr/ has been purged, triggered by action: wp_trash_post 
[2025-03-31 08:58:19 : INFO] - Cache for URL: https://saridis.local/?post_type=catalog&p=832 has been purged, triggered by action: save_post 
[2025-03-31 08:58:19 : INFO] - Cache for URL: https://saridis.local/catalog/vyalenye-tomaty-v-masle-so-specziyami-buono-41-kg/ has been purged, triggered by action: wp_trash_post 
[2025-03-31 08:58:20 : INFO] - Cache for URL: https://saridis.local/?post_type=catalog&p=829 has been purged, triggered by action: save_post 
[2025-03-31 08:58:20 : INFO] - Cache for URL: https://saridis.local/catalog/grecheskij-gornyj-chaj-malotira-saridis-50-gr/ has been purged, triggered by action: wp_trash_post 
[2025-03-31 08:58:21 : INFO] - Cache for URL: https://saridis.local/?post_type=catalog&p=826 has been purged, triggered by action: save_post 
[2025-03-31 08:58:21 : INFO] - Cache for URL: https://saridis.local/catalog/olivki-kalamon-eltha-s-kostochkami-250-gr/ has been purged, triggered by action: wp_trash_post 
[2025-03-31 08:58:23 : INFO] - Cache for URL: https://saridis.local/?post_type=catalog&p=822 has been purged, triggered by action: save_post 
[2025-03-31 08:58:23 : INFO] - Cache for URL: https://saridis.local/catalog/miks-olivok-s-kostochkami-zelyonye-i-kalamon-eltha-250-gr/ has been purged, triggered by action: wp_trash_post 
[2025-03-31 08:58:24 : INFO] - Cache for URL: https://saridis.local/?post_type=catalog&p=820 has been purged, triggered by action: save_post 
[2025-03-31 08:58:24 : INFO] - Cache for URL: https://saridis.local/catalog/vyalenye-olivki-eltha-c-kostochkoj-500-gr/ has been purged, triggered by action: wp_trash_post 
[2025-03-31 08:58:25 : INFO] - Cache for URL: https://saridis.local/?post_type=catalog&p=818 has been purged, triggered by action: save_post 
[2025-03-31 08:58:25 : INFO] - Cache for URL: https://saridis.local/catalog/vyalenye-olivki-eltha-c-kostochkoj-250-gr/ has been purged, triggered by action: wp_trash_post 
[2025-03-31 08:58:26 : INFO] - Cache for URL: https://saridis.local/?post_type=catalog&p=816 has been purged, triggered by action: save_post 
[2025-03-31 09:03:22 : INFO] - Cache for URL: https://saridis.local/catalog/chyornye-olivki-apollon-bez-kostochek-720-gr/ has been purged, triggered by action: wp_trash_post 
[2025-03-31 09:03:23 : INFO] - Cache for URL: https://saridis.local/?post_type=catalog&p=814 has been purged, triggered by action: save_post 
[2025-03-31 09:03:23 : INFO] - Cache for URL: https://saridis.local/catalog/chyornye-olivki-apollon-s-kostochkami-720-gr/ has been purged, triggered by action: wp_trash_post 
[2025-03-31 09:03:25 : INFO] - Cache for URL: https://saridis.local/?post_type=catalog&p=812 has been purged, triggered by action: save_post 
[2025-03-31 09:03:25 : INFO] - Cache for URL: https://saridis.local/catalog/zelyonye-olivki-apollon-s-kostochkami-720-gr/ has been purged, triggered by action: wp_trash_post 
[2025-03-31 09:03:26 : INFO] - Cache for URL: https://saridis.local/?post_type=catalog&p=810 has been purged, triggered by action: save_post 
[2025-03-31 09:03:26 : INFO] - Cache for URL: https://saridis.local/catalog/olivki-kalamon-apollon-s-kostochkami-360-gr/ has been purged, triggered by action: wp_trash_post 
[2025-03-31 09:03:27 : INFO] - Cache for URL: https://saridis.local/?post_type=catalog&p=808 has been purged, triggered by action: save_post 
[2025-03-31 09:03:27 : INFO] - Cache for URL: https://saridis.local/catalog/zelyonye-olivki-apollon-bez-kostochek-360-gr/ has been purged, triggered by action: wp_trash_post 
[2025-03-31 09:03:28 : INFO] - Cache for URL: https://saridis.local/?post_type=catalog&p=806 has been purged, triggered by action: save_post 
[2025-03-31 09:03:28 : INFO] - Cache for URL: https://saridis.local/catalog/zelyonye-olivki-apollon-s-kostochkami-360-gr/ has been purged, triggered by action: wp_trash_post 
[2025-03-31 09:03:29 : INFO] - Cache for URL: https://saridis.local/?post_type=catalog&p=804 has been purged, triggered by action: save_post 
[2025-03-31 09:03:29 : INFO] - Cache for URL: https://saridis.local/catalog/zelyonye-olivki-latrovalis-farshirovannye-mindalyom-zh-b-425-kg/ has been purged, triggered by action: wp_trash_post 
[2025-03-31 09:03:31 : INFO] - Cache for URL: https://saridis.local/?post_type=catalog&p=802 has been purged, triggered by action: save_post 
[2025-03-31 09:03:31 : INFO] - Cache for URL: https://saridis.local/catalog/olivki-kalamon-latrovalis-s-kostochkami-zh-b-425-kg/ has been purged, triggered by action: wp_trash_post 
[2025-03-31 09:03:32 : INFO] - Cache for URL: https://saridis.local/?post_type=catalog&p=799 has been purged, triggered by action: save_post 
[2025-03-31 09:03:32 : INFO] - Cache for URL: https://saridis.local/catalog/chyornye-olivki-latrovalis-s-kostochkami-zh-b-425-kg/ has been purged, triggered by action: wp_trash_post 
[2025-03-31 09:03:33 : INFO] - Cache for URL: https://saridis.local/?post_type=catalog&p=797 has been purged, triggered by action: save_post 
[2025-03-31 09:03:33 : INFO] - Cache for URL: https://saridis.local/catalog/olivki-kalamon-latrovalis-s-kostochkami-zh-b-810-gr/ has been purged, triggered by action: wp_trash_post 
[2025-03-31 09:03:34 : INFO] - Cache for URL: https://saridis.local/?post_type=catalog&p=795 has been purged, triggered by action: save_post 
[2025-03-31 09:03:34 : INFO] - Cache for URL: https://saridis.local/catalog/zelyonye-olivki-latrovalis-bez-kostochek-zh-b-810-gr/ has been purged, triggered by action: wp_trash_post 
[2025-03-31 09:03:35 : INFO] - Cache for URL: https://saridis.local/?post_type=catalog&p=793 has been purged, triggered by action: save_post 
[2025-03-31 09:03:35 : INFO] - Cache for URL: https://saridis.local/catalog/zelyonye-olivki-latrovalis-s-kostochkami-zh-b-810-gr/ has been purged, triggered by action: wp_trash_post 
[2025-03-31 09:03:36 : INFO] - Cache for URL: https://saridis.local/?post_type=catalog&p=791 has been purged, triggered by action: save_post 
[2025-03-31 09:03:36 : INFO] - Cache for URL: https://saridis.local/catalog/zelyonye-olivki-latrovalis-farshirovannye-chesnokom-390-gr/ has been purged, triggered by action: wp_trash_post 
[2025-03-31 09:03:37 : INFO] - Cache for URL: https://saridis.local/?post_type=catalog&p=789 has been purged, triggered by action: save_post 
[2025-03-31 09:03:37 : INFO] - Cache for URL: https://saridis.local/catalog/zelyonye-olivki-latrovalis-farshirovannye-perczem-halapeno-i-chesnokom-390-gr/ has been purged, triggered by action: wp_trash_post 
[2025-03-31 09:03:38 : INFO] - Cache for URL: https://saridis.local/?post_type=catalog&p=787 has been purged, triggered by action: save_post 
[2025-03-31 09:03:38 : INFO] - Cache for URL: https://saridis.local/catalog/zelyonye-olivki-latrovalis-farshirovannye-limonom-390-gr/ has been purged, triggered by action: wp_trash_post 
[2025-03-31 09:03:39 : INFO] - Cache for URL: https://saridis.local/?post_type=catalog&p=785 has been purged, triggered by action: save_post 
[2025-03-31 09:03:39 : INFO] - Cache for URL: https://saridis.local/catalog/naturalno-sozrevshie-olivki-latrovalis-s-kostochkami-390-gr/ has been purged, triggered by action: wp_trash_post 
[2025-03-31 09:03:40 : INFO] - Cache for URL: https://saridis.local/?post_type=catalog&p=783 has been purged, triggered by action: save_post 
[2025-03-31 09:03:40 : INFO] - Cache for URL: https://saridis.local/catalog/zelyonye-olivki-latrovalis-bez-kostochek-390-gr/ has been purged, triggered by action: wp_trash_post 
[2025-03-31 09:03:41 : INFO] - Cache for URL: https://saridis.local/?post_type=catalog&p=781 has been purged, triggered by action: save_post 
[2025-03-31 09:03:41 : INFO] - Cache for URL: https://saridis.local/catalog/zelyonye-olivki-latrovalis-s-kostochkami-390-gr/ has been purged, triggered by action: wp_trash_post 
[2025-03-31 09:03:42 : INFO] - Cache for URL: https://saridis.local/?post_type=catalog&p=779 has been purged, triggered by action: save_post 
[2025-03-31 09:03:42 : INFO] - Cache for URL: https://saridis.local/catalog/olivki-kalamon-latrovalis-bez-kostochek-390-gr/ has been purged, triggered by action: wp_trash_post 
[2025-03-31 09:03:44 : INFO] - Cache for URL: https://saridis.local/?post_type=catalog&p=777 has been purged, triggered by action: save_post 
[2025-03-31 09:03:44 : INFO] - Cache for URL: https://saridis.local/catalog/olivki-kalamon-latrovalis-s-kostochkami-390-gr/ has been purged, triggered by action: wp_trash_post 
[2025-03-31 09:03:45 : INFO] - Cache for URL: https://saridis.local/?post_type=catalog&p=775 has been purged, triggered by action: save_post 
[2025-03-31 09:03:55 : INFO] - Cache for URL: https://saridis.local/catalog/olivkovoe-maslo-dlya-zharki-saridis-pomace-5l/ has been purged, triggered by action: wp_trash_post 
[2025-03-31 09:03:57 : INFO] - Cache for URL: https://saridis.local/?post_type=catalog&p=773 has been purged, triggered by action: save_post 
[2025-03-31 09:03:57 : INFO] - Cache for URL: https://saridis.local/catalog/olivkovoe-maslo-dlya-zharki-saridis-pomace-1l/ has been purged, triggered by action: wp_trash_post 
[2025-03-31 09:03:58 : INFO] - Cache for URL: https://saridis.local/?post_type=catalog&p=770 has been purged, triggered by action: save_post 
[2025-03-31 09:03:58 : INFO] - Cache for URL: https://saridis.local/catalog/olivkovoe-maslo-extra-virgin-vinnyj-uksus-s-travami-i-specziyami-kima-200-200ml/ has been purged, triggered by action: wp_trash_post 
[2025-03-31 09:04:00 : INFO] - Cache for URL: https://saridis.local/?post_type=catalog&p=767 has been purged, triggered by action: save_post 
[2025-03-31 09:04:00 : INFO] - Cache for URL: https://saridis.local/catalog/olivkovoe-maslo-s-travami-i-specziyami-penelope-extra-virgin-250ml/ has been purged, triggered by action: wp_trash_post 
[2025-03-31 09:04:01 : INFO] - Cache for URL: https://saridis.local/?post_type=catalog&p=765 has been purged, triggered by action: save_post 
[2025-03-31 09:04:01 : INFO] - Cache for URL: https://saridis.local/catalog/olivkovoe-maslo-s-travami-i-specziyami-tzoulia-extra-virgin-250ml/ has been purged, triggered by action: wp_trash_post 
[2025-03-31 09:04:02 : INFO] - Cache for URL: https://saridis.local/?post_type=catalog&p=763 has been purged, triggered by action: save_post 
[2025-03-31 09:04:02 : INFO] - Cache for URL: https://saridis.local/catalog/olivkovoe-maslo-gr-estate-kalamata-extra-virgin-1l/ has been purged, triggered by action: wp_trash_post 
[2025-03-31 09:04:03 : INFO] - Cache for URL: https://saridis.local/?post_type=catalog&p=761 has been purged, triggered by action: save_post 
[2025-03-31 09:04:03 : INFO] - Cache for URL: https://saridis.local/catalog/olivkovoe-maslo-gr-estate-kalamata-extra-virgin-750ml/ has been purged, triggered by action: wp_trash_post 
[2025-03-31 09:04:04 : INFO] - Cache for URL: https://saridis.local/?post_type=catalog&p=759 has been purged, triggered by action: save_post 
[2025-03-31 09:04:04 : INFO] - Cache for URL: https://saridis.local/catalog/olivkovoe-maslo-gr-estate-kalamata-extra-virgin-500ml/ has been purged, triggered by action: wp_trash_post 
[2025-03-31 09:04:05 : INFO] - Cache for URL: https://saridis.local/?post_type=catalog&p=757 has been purged, triggered by action: save_post 
[2025-03-31 09:04:05 : INFO] - Cache for URL: https://saridis.local/catalog/olivkovoe-maslo-gold-of-sitia-02-extra-virgin-15l/ has been purged, triggered by action: wp_trash_post 
[2025-03-31 09:04:06 : INFO] - Cache for URL: https://saridis.local/?post_type=catalog&p=755 has been purged, triggered by action: save_post 
[2025-03-31 09:04:06 : INFO] - Cache for URL: https://saridis.local/catalog/olivkovoe-maslo-land-of-sitia-02-extra-virgin-15l/ has been purged, triggered by action: wp_trash_post 
[2025-03-31 09:04:08 : INFO] - Cache for URL: https://saridis.local/?post_type=catalog&p=753 has been purged, triggered by action: save_post 
[2025-03-31 09:04:08 : INFO] - Cache for URL: https://saridis.local/catalog/olivkovoe-maslo-land-of-sitia-02-extra-virgin-1l/ has been purged, triggered by action: wp_trash_post 
[2025-03-31 09:04:09 : INFO] - Cache for URL: https://saridis.local/?post_type=catalog&p=751 has been purged, triggered by action: save_post 
[2025-03-31 09:04:09 : INFO] - Cache for URL: https://saridis.local/catalog/olivkovoe-maslo-land-of-sitia-02-extra-virgin-500ml/ has been purged, triggered by action: wp_trash_post 
[2025-03-31 09:04:10 : INFO] - Cache for URL: https://saridis.local/?post_type=catalog&p=749 has been purged, triggered by action: save_post 
[2025-03-31 09:04:10 : INFO] - Cache for URL: https://saridis.local/catalog/olivkovoe-maslo-land-of-sitia-02-extra-virgin-250ml/ has been purged, triggered by action: wp_trash_post 
[2025-03-31 09:04:11 : INFO] - Cache for URL: https://saridis.local/?post_type=catalog&p=747 has been purged, triggered by action: save_post 
[2025-03-31 09:04:11 : INFO] - Cache for URL: https://saridis.local/catalog/olivkovoe-maslo-treasure-of-mylopotamos-02-extra-virgin-250ml/ has been purged, triggered by action: wp_trash_post 
[2025-03-31 09:04:12 : INFO] - Cache for URL: https://saridis.local/?post_type=catalog&p=745 has been purged, triggered by action: save_post 
[2025-03-31 09:04:12 : INFO] - Cache for URL: https://saridis.local/catalog/olivkovoe-maslo-treasure-of-mylopotamos-02-extra-virgin-1l/ has been purged, triggered by action: wp_trash_post 
[2025-03-31 09:04:13 : INFO] - Cache for URL: https://saridis.local/?post_type=catalog&p=743 has been purged, triggered by action: save_post 
[2025-03-31 09:04:13 : INFO] - Cache for URL: https://saridis.local/catalog/olivkovoe-maslo-vorios-mylopotamos-03-extra-virgin-1l/ has been purged, triggered by action: wp_trash_post 
[2025-03-31 09:04:14 : INFO] - Cache for URL: https://saridis.local/?post_type=catalog&p=741 has been purged, triggered by action: save_post 
[2025-03-31 09:04:14 : INFO] - Cache for URL: https://saridis.local/catalog/olivkovoe-maslo-saridis-extra-virgin-5l/ has been purged, triggered by action: wp_trash_post 
[2025-03-31 09:04:15 : INFO] - Cache for URL: https://saridis.local/?post_type=catalog&p=739 has been purged, triggered by action: save_post 
[2025-03-31 09:04:15 : INFO] - Cache for URL: https://saridis.local/catalog/olivkovoe-maslo-saridis-extra-virgin-3l/ has been purged, triggered by action: wp_trash_post 
[2025-03-31 09:04:17 : INFO] - Cache for URL: https://saridis.local/?post_type=catalog&p=736 has been purged, triggered by action: save_post 
[2025-03-31 09:04:17 : INFO] - Cache for URL: https://saridis.local/catalog/olivkovoe-maslo-latzimas-extra-virgin-5l-2/ has been purged, triggered by action: wp_trash_post 
[2025-03-31 09:04:18 : INFO] - Cache for URL: https://saridis.local/?post_type=catalog&p=733 has been purged, triggered by action: save_post 
[2025-03-31 09:04:18 : INFO] - Cache for URL: https://saridis.local/catalog/olivkovoe-maslo-latzimas-bio-organic-extra-virgin-1l/ has been purged, triggered by action: wp_trash_post 
[2025-03-31 09:04:19 : INFO] - Cache for URL: https://saridis.local/?post_type=catalog&p=731 has been purged, triggered by action: save_post 
[2025-03-31 09:04:24 : INFO] - Cache for URL: https://saridis.local/catalog/olivkovoe-maslo-latzimas-gold-extra-virgin-5l/ has been purged, triggered by action: wp_trash_post 
[2025-03-31 09:04:26 : INFO] - Cache for URL: https://saridis.local/?post_type=catalog&p=727 has been purged, triggered by action: save_post 
[2025-03-31 09:04:26 : INFO] - Cache for URL: https://saridis.local/catalog/olivkovoe-maslo-latzimas-bio-organic-extra-virgin-500ml/ has been purged, triggered by action: wp_trash_post 
[2025-03-31 09:04:27 : INFO] - Cache for URL: https://saridis.local/?post_type=catalog&p=729 has been purged, triggered by action: save_post 
[2025-03-31 09:04:27 : INFO] - Cache for URL: https://saridis.local/catalog/olivkovoe-maslo-latzimas-gold-extra-virgin-1l/ has been purged, triggered by action: wp_trash_post 
[2025-03-31 09:04:28 : INFO] - Cache for URL: https://saridis.local/?post_type=catalog&p=725 has been purged, triggered by action: save_post 
[2025-03-31 09:04:28 : INFO] - Cache for URL: https://saridis.local/catalog/olivkovoe-maslo-latzimas-gold-extra-virgin-zh-b-1l/ has been purged, triggered by action: wp_trash_post 
[2025-03-31 09:04:29 : INFO] - Cache for URL: https://saridis.local/?post_type=catalog&p=723 has been purged, triggered by action: save_post 
[2025-03-31 09:04:29 : INFO] - Cache for URL: https://saridis.local/catalog/olivkovoe-maslo-latzimas-extra-virgin-5l/ has been purged, triggered by action: wp_trash_post 
[2025-03-31 09:04:30 : INFO] - Cache for URL: https://saridis.local/?post_type=catalog&p=721 has been purged, triggered by action: save_post 
[2025-03-31 09:04:30 : INFO] - Cache for URL: https://saridis.local/catalog/olivkovoe-maslo-latzimas-gold-extra-virgin-750ml/ has been purged, triggered by action: wp_trash_post 
[2025-03-31 09:04:31 : INFO] - Cache for URL: https://saridis.local/?post_type=catalog&p=719 has been purged, triggered by action: save_post 
[2025-03-31 09:04:31 : INFO] - Cache for URL: https://saridis.local/catalog/olivkovoe-maslo-latzimas-gold-extra-virgin-zh-b-500ml/ has been purged, triggered by action: wp_trash_post 
[2025-03-31 09:04:32 : INFO] - Cache for URL: https://saridis.local/?post_type=catalog&p=717 has been purged, triggered by action: save_post 
[2025-03-31 09:04:32 : INFO] - Cache for URL: https://saridis.local/catalog/olivkovoe-maslo-latzimas-gold-extra-virgin-500ml/ has been purged, triggered by action: wp_trash_post 
[2025-03-31 09:04:34 : INFO] - Cache for URL: https://saridis.local/?post_type=catalog&p=715 has been purged, triggered by action: save_post 
[2025-03-31 09:04:34 : INFO] - Cache for URL: https://saridis.local/catalog/olivkovoe-maslo-latzimas-extra-virgin-3l/ has been purged, triggered by action: wp_trash_post 
[2025-03-31 09:04:35 : INFO] - Cache for URL: https://saridis.local/?post_type=catalog&p=713 has been purged, triggered by action: save_post 
[2025-03-31 09:04:35 : INFO] - Cache for URL: https://saridis.local/catalog/olivkovoe-maslo-latzimas-extra-virgin-1l/ has been purged, triggered by action: wp_trash_post 
[2025-03-31 09:04:36 : INFO] - Cache for URL: https://saridis.local/?post_type=catalog&p=711 has been purged, triggered by action: save_post 
[2025-03-31 09:04:36 : INFO] - Cache for URL: https://saridis.local/catalog/makedonskij-marinovannyj-perecz-buono-580-gr/ has been purged, triggered by action: wp_trash_post 
[2025-03-31 09:04:37 : INFO] - Cache for URL: https://saridis.local/?post_type=catalog&p=709 has been purged, triggered by action: save_post 
[2025-03-31 09:04:37 : INFO] - Cache for URL: https://saridis.local/catalog/zelyonye-olivki-latrovalis-farshirovannye-ogurczom-390-gr/ has been purged, triggered by action: wp_trash_post 
[2025-03-31 09:04:42 : INFO] - Cache for URL: https://saridis.local/?post_type=catalog&p=706 has been purged, triggered by action: save_post 
[2025-03-31 09:04:42 : INFO] - Cache for URL: https://saridis.local/catalog/chyornye-olivki-latrovalis-bez-kostochek-zh-b-400-gr/ has been purged, triggered by action: wp_trash_post 
[2025-03-31 09:04:44 : INFO] - Cache for URL: https://saridis.local/?post_type=catalog&p=704 has been purged, triggered by action: save_post 
[2025-03-31 09:04:44 : INFO] - Cache for URL: https://saridis.local/catalog/zelyonye-olivki-latrovalis-farshirovannye-pastoj-iz-krasnogo-percza-390-gr/ has been purged, triggered by action: wp_trash_post 
[2025-03-31 09:04:45 : INFO] - Cache for URL: https://saridis.local/?post_type=catalog&p=702 has been purged, triggered by action: save_post 
[2025-03-31 09:04:45 : INFO] - Cache for URL: https://saridis.local/catalog/chyornye-olivki-latrovalis-s-kostochkami-zh-b-810-gr/ has been purged, triggered by action: wp_trash_post 
[2025-03-31 09:04:46 : INFO] - Cache for URL: https://saridis.local/?post_type=catalog&p=700 has been purged, triggered by action: save_post 
[2025-03-31 09:04:46 : INFO] - Cache for URL: https://saridis.local/catalog/chyornye-olivki-latrovalis-bez-kostochek-zh-b-810-gr/ has been purged, triggered by action: wp_trash_post 
[2025-03-31 09:04:47 : INFO] - Cache for URL: https://saridis.local/?post_type=catalog&p=698 has been purged, triggered by action: save_post 
[2025-03-31 09:04:47 : INFO] - Cache for URL: https://saridis.local/catalog/zelyonye-olivki-latrovalis-farshirovannye-perczem-halapeno-390-gr/ has been purged, triggered by action: wp_trash_post 
[2025-03-31 09:04:48 : INFO] - Cache for URL: https://saridis.local/?post_type=catalog&p=696 has been purged, triggered by action: save_post 
[2025-03-31 09:04:48 : INFO] - Cache for URL: https://saridis.local/catalog/tradiczionnyj-grecheskij-molotyj-kofe-melcafe-200-gr/ has been purged, triggered by action: wp_trash_post 
[2025-03-31 09:04:50 : INFO] - Cache for URL: https://saridis.local/?post_type=catalog&p=694 has been purged, triggered by action: save_post 
[2025-03-31 09:04:50 : INFO] - Cache for URL: https://saridis.local/catalog/tradiczionnyj-grecheskij-molotyj-kofe-melcafe-100-gr/ has been purged, triggered by action: wp_trash_post 
[2025-03-31 09:04:51 : INFO] - Cache for URL: https://saridis.local/?post_type=catalog&p=692 has been purged, triggered by action: save_post 
[2025-03-31 09:04:51 : INFO] - Cache for URL: https://saridis.local/catalog/tradiczionnyj-grecheskij-molotyj-kofe-loumidis-papagalos-194-gr/ has been purged, triggered by action: wp_trash_post 
[2025-03-31 09:04:52 : INFO] - Cache for URL: https://saridis.local/?post_type=catalog&p=690 has been purged, triggered by action: save_post 
[2025-03-31 09:07:24 : INFO] - Cache for URL: https://saridis.local/catalog/tradiczionnyj-grecheskij-molotyj-kofe-loumidis-papagalos-96-gr/ has been purged, triggered by action: wp_trash_post 
[2025-03-31 09:07:25 : INFO] - Cache for URL: https://saridis.local/?post_type=catalog&p=687 has been purged, triggered by action: save_post 
[2025-03-31 09:07:25 : INFO] - Cache for URL: https://saridis.local/catalog/vyalenye-tomaty-v-masle-so-specziyami-buono-365-gr/ has been purged, triggered by action: wp_trash_post 
[2025-03-31 09:07:26 : INFO] - Cache for URL: https://saridis.local/?post_type=catalog&p=684 has been purged, triggered by action: save_post 
[2025-03-31 09:07:26 : INFO] - Cache for URL: https://saridis.local/catalog/olivki-kalamon-apollon-s-kostochkami-720-gr/ has been purged, triggered by action: wp_trash_post 
[2025-03-31 09:07:27 : INFO] - Cache for URL: https://saridis.local/?post_type=catalog&p=681 has been purged, triggered by action: save_post 
[2025-03-31 09:07:27 : INFO] - Cache for URL: https://saridis.local/catalog/zelyonye-olivki-latrovalis-farshirovannye-mindalyom-390-gr/ has been purged, triggered by action: wp_trash_post 
[2025-03-31 09:07:28 : INFO] - Cache for URL: https://saridis.local/?post_type=catalog&p=679 has been purged, triggered by action: save_post 
[2025-03-31 09:07:28 : INFO] - Cache for URL: https://saridis.local/catalog/zelyonye-olivki-apollon-bez-kostochek-720-gr/ has been purged, triggered by action: wp_trash_post 
[2025-03-31 09:07:29 : INFO] - Cache for URL: https://saridis.local/?post_type=catalog&p=677 has been purged, triggered by action: save_post 
[2025-03-31 09:07:29 : INFO] - Cache for URL: https://saridis.local/catalog/zelyonye-pikantnye-perchiki-almito-s-nachinkoj-iz-syrnogo-krema-270gr/ has been purged, triggered by action: wp_trash_post 
[2025-03-31 09:07:31 : INFO] - Cache for URL: https://saridis.local/?post_type=catalog&p=675 has been purged, triggered by action: save_post 
[2025-03-31 09:07:31 : INFO] - Cache for URL: https://saridis.local/catalog/krasnye-pikantnye-perchiki-almito-nachinyonnye-syrnym-kremom-280gr/ has been purged, triggered by action: wp_trash_post 
[2025-03-31 09:07:32 : INFO] - Cache for URL: https://saridis.local/?post_type=catalog&p=673 has been purged, triggered by action: save_post 
[2025-03-31 09:07:32 : INFO] - Cache for URL: https://saridis.local/catalog/halva-kunzhutnaya-salonikios-s-kakao-400-gr/ has been purged, triggered by action: wp_trash_post 
[2025-03-31 09:07:33 : INFO] - Cache for URL: https://saridis.local/?post_type=catalog&p=671 has been purged, triggered by action: save_post 
[2025-03-31 09:07:33 : INFO] - Cache for URL: https://saridis.local/catalog/halva-kunzhutnaya-salonikios-vanilnaya-400-gr/ has been purged, triggered by action: wp_trash_post 
[2025-03-31 09:07:34 : INFO] - Cache for URL: https://saridis.local/?post_type=catalog&p=668 has been purged, triggered by action: save_post 
[2025-03-31 09:07:34 : INFO] - Cache for URL: https://saridis.local/catalog/pasta-orehovaya-melinda-s-kakao-400-gr/ has been purged, triggered by action: wp_trash_post 
[2025-03-31 09:07:35 : INFO] - Cache for URL: https://saridis.local/?post_type=catalog&p=665 has been purged, triggered by action: save_post 
[2025-03-31 09:07:35 : INFO] - Cache for URL: https://saridis.local/catalog/lukum-meletiadis-co-vkusom-mastiki-300-gr/ has been purged, triggered by action: wp_trash_post 
[2025-03-31 09:07:36 : INFO] - Cache for URL: https://saridis.local/?post_type=catalog&p=663 has been purged, triggered by action: save_post 
[2025-03-31 09:07:36 : INFO] - Cache for URL: https://saridis.local/catalog/lukum-meletiadis-assorti-300-gr/ has been purged, triggered by action: wp_trash_post 
[2025-03-31 09:07:38 : INFO] - Cache for URL: https://saridis.local/?post_type=catalog&p=660 has been purged, triggered by action: save_post 
[2025-03-31 09:07:38 : INFO] - Cache for URL: https://saridis.local/catalog/persikovyj-dzhem-la-mel-450-gr/ has been purged, triggered by action: wp_trash_post 
[2025-03-31 09:07:39 : INFO] - Cache for URL: https://saridis.local/?post_type=catalog&p=657 has been purged, triggered by action: save_post 
[2025-03-31 09:07:39 : INFO] - Cache for URL: https://saridis.local/catalog/halva-kunzhutnaya-salonikios-s-arahisom-400-gr/ has been purged, triggered by action: wp_trash_post 
[2025-03-31 09:07:40 : INFO] - Cache for URL: https://saridis.local/?post_type=catalog&p=655 has been purged, triggered by action: save_post 
[2025-03-31 09:07:40 : INFO] - Cache for URL: https://saridis.local/catalog/halva-kunzhutnaya-salonikios-s-fistashkami-400-gr/ has been purged, triggered by action: wp_trash_post 
[2025-03-31 09:07:41 : INFO] - Cache for URL: https://saridis.local/?post_type=catalog&p=652 has been purged, triggered by action: save_post 
[2025-03-31 09:07:41 : INFO] - Cache for URL: https://saridis.local/catalog/vafelnye-trubochki-caprice-s-kremom-iz-lesnogo-oreha-i-kakao-400-gr/ has been purged, triggered by action: wp_trash_post 
[2025-03-31 09:07:42 : INFO] - Cache for URL: https://saridis.local/?post_type=catalog&p=649 has been purged, triggered by action: save_post 
[2025-03-31 09:07:42 : INFO] - Cache for URL: https://saridis.local/catalog/olivkovoe-maslo-latzimas-extra-virgin-750ml/ has been purged, triggered by action: wp_trash_post 
[2025-03-31 09:07:43 : INFO] - Cache for URL: https://saridis.local/?post_type=catalog&p=645 has been purged, triggered by action: save_post 
[2025-03-31 09:07:43 : INFO] - Cache for URL: https://saridis.local/catalog/olivkovoe-maslo-latzimas-extra-virgin-500ml/ has been purged, triggered by action: wp_trash_post 
[2025-03-31 09:07:44 : INFO] - Cache for URL: https://saridis.local/?post_type=catalog&p=643 has been purged, triggered by action: save_post 
[2025-03-31 09:07:44 : INFO] - Cache for URL: https://saridis.local/catalog/kompot-makedoniki-persiki-polovinki-822gr/ has been purged, triggered by action: wp_trash_post 
[2025-03-31 09:07:45 : INFO] - Cache for URL: https://saridis.local/?post_type=catalog&p=641 has been purged, triggered by action: save_post 
[2025-03-31 09:07:45 : INFO] - Cache for URL: https://saridis.local/catalog/narezannye-tomaty-v-sobstvennom-soku-saridis-400-gr/ has been purged, triggered by action: wp_trash_post 
[2025-03-31 09:07:46 : INFO] - Cache for URL: https://saridis.local/?post_type=catalog&p=639 has been purged, triggered by action: save_post 
[2025-03-31 09:10:09 : INFO] - Cache for URL: https://saridis.local/catalog/gigantskaya-zapechyonnaya-fasol-onassis-2-kg/ has been purged, triggered by action: wp_trash_post 
[2025-03-31 09:10:10 : INFO] - Cache for URL: https://saridis.local/?post_type=catalog&p=637 has been purged, triggered by action: save_post 
[2025-03-31 09:10:10 : INFO] - Cache for URL: https://saridis.local/catalog/vishnevyj-dzhem-la-mel-450-gr/ has been purged, triggered by action: wp_trash_post 
[2025-03-31 09:10:12 : INFO] - Cache for URL: https://saridis.local/?post_type=catalog&p=634 has been purged, triggered by action: save_post 
[2025-03-31 09:10:12 : INFO] - Cache for URL: https://saridis.local/catalog/abrikosovyj-dzhem-la-mel-450-gr/ has been purged, triggered by action: wp_trash_post 
[2025-03-31 09:10:13 : INFO] - Cache for URL: https://saridis.local/?post_type=catalog&p=632 has been purged, triggered by action: save_post 
[2025-03-31 09:25:53 : INFO] - Cache for term page with URL: https://saridis.local/brand/papadopoulou/  have been purged, triggered by action: edit_terms 
[2025-03-31 09:26:05 : INFO] - Cache for term page with URL: https://saridis.local/brand/onasis/  have been purged, triggered by action: edit_terms 
[2025-03-31 09:46:43 : INFO] - Cache for URL: https://saridis.local/?post_type=catalog&p=1078 has been purged, triggered by action: save_post 
[2025-03-31 10:31:34 : INFO] - Cache for multiple term taxonomy have been purged due to post terms update, triggered by action: set_object_terms 
[2025-03-31 10:31:34 : INFO] - Cache for multiple term taxonomy have been purged due to post terms update, triggered by action: set_object_terms 
[2025-03-31 10:31:35 : INFO] - Cache for URL: https://saridis.local/catalog/olivkovoe-maslo-extra-virgin-latzimas-gold-pdo/ has been purged, triggered by action: save_post 
[2025-03-31 10:31:35 : INFO] - Cache for multiple term taxonomy have been purged due to post terms update, triggered by action: set_object_terms 
[2025-03-31 10:31:35 : INFO] - Cache for multiple term taxonomy have been purged due to post terms update, triggered by action: set_object_terms 
[2025-03-31 10:31:36 : INFO] - Cache for URL: https://saridis.local/catalog/olivkovoe-maslo-extra-virgin-latzimas-gold-pdo-2/ has been purged, triggered by action: save_post 
[2025-03-31 10:31:36 : INFO] - Cache for multiple term taxonomy have been purged due to post terms update, triggered by action: set_object_terms 
[2025-03-31 10:31:36 : INFO] - Cache for multiple term taxonomy have been purged due to post terms update, triggered by action: set_object_terms 
[2025-03-31 10:31:37 : INFO] - Cache for URL: https://saridis.local/catalog/olivkovoe-maslo-extra-virgin-latzimas-pdo/ has been purged, triggered by action: save_post 
[2025-03-31 10:31:37 : INFO] - Cache for multiple term taxonomy have been purged due to post terms update, triggered by action: set_object_terms 
[2025-03-31 10:31:37 : INFO] - Cache for multiple term taxonomy have been purged due to post terms update, triggered by action: set_object_terms 
[2025-03-31 10:31:38 : INFO] - Cache for URL: https://saridis.local/catalog/olivkovoe-maslo-extra-virgin-latzimas-pdo-2/ has been purged, triggered by action: save_post 
[2025-03-31 10:31:38 : INFO] - Cache for multiple term taxonomy have been purged due to post terms update, triggered by action: set_object_terms 
[2025-03-31 10:31:38 : INFO] - Cache for multiple term taxonomy have been purged due to post terms update, triggered by action: set_object_terms 
[2025-03-31 10:31:40 : INFO] - Cache for URL: https://saridis.local/catalog/olivkovoe-maslo-extra-virgin-latzimas-gold-pdo-3/ has been purged, triggered by action: save_post 
[2025-03-31 10:31:40 : INFO] - Cache for multiple term taxonomy have been purged due to post terms update, triggered by action: set_object_terms 
[2025-03-31 10:31:40 : INFO] - Cache for multiple term taxonomy have been purged due to post terms update, triggered by action: set_object_terms 
[2025-03-31 10:31:41 : INFO] - Cache for URL: https://saridis.local/catalog/olivkovoe-maslo-extra-virgin-kalamata-estate-pdo/ has been purged, triggered by action: save_post 
[2025-03-31 10:31:41 : INFO] - Cache for multiple term taxonomy have been purged due to post terms update, triggered by action: set_object_terms 
[2025-03-31 10:31:41 : INFO] - Cache for multiple term taxonomy have been purged due to post terms update, triggered by action: set_object_terms 
[2025-03-31 10:31:42 : INFO] - Cache for URL: https://saridis.local/catalog/olivkovoe-maslo-extra-virgin-kalamata-estate-pdo-2/ has been purged, triggered by action: save_post 
[2025-03-31 10:31:42 : INFO] - Cache for multiple term taxonomy have been purged due to post terms update, triggered by action: set_object_terms 
[2025-03-31 10:31:42 : INFO] - Cache for multiple term taxonomy have been purged due to post terms update, triggered by action: set_object_terms 
[2025-03-31 10:31:43 : INFO] - Cache for URL: https://saridis.local/catalog/olivkovoe-maslo-extra-virgin-kalamata-estate-pdo-3/ has been purged, triggered by action: save_post 
[2025-03-31 10:31:43 : INFO] - Cache for multiple term taxonomy have been purged due to post terms update, triggered by action: set_object_terms 
[2025-03-31 10:31:43 : INFO] - Cache for multiple term taxonomy have been purged due to post terms update, triggered by action: set_object_terms 
[2025-03-31 10:31:45 : INFO] - Cache for URL: https://saridis.local/catalog/olivkovoe-maslo-extra-virgin-kalamata-estate-pdo-4/ has been purged, triggered by action: save_post 
[2025-03-31 10:31:45 : INFO] - Cache for multiple term taxonomy have been purged due to post terms update, triggered by action: set_object_terms 
[2025-03-31 10:31:45 : INFO] - Cache for multiple term taxonomy have been purged due to post terms update, triggered by action: set_object_terms 
[2025-03-31 10:31:46 : INFO] - Cache for URL: https://saridis.local/catalog/olivkovoe-maslo-extra-virgin-saridis-1l-pdo/ has been purged, triggered by action: save_post 
[2025-03-31 10:31:46 : INFO] - Cache for multiple term taxonomy have been purged due to post terms update, triggered by action: set_object_terms 
[2025-03-31 10:31:46 : INFO] - Cache for multiple term taxonomy have been purged due to post terms update, triggered by action: set_object_terms 
[2025-03-31 10:31:47 : INFO] - Cache for URL: https://saridis.local/catalog/olivkovoe-maslo-extra-virgin-saridis-1l-pdo-2/ has been purged, triggered by action: save_post 
[2025-03-31 10:31:47 : INFO] - Cache for multiple term taxonomy have been purged due to post terms update, triggered by action: set_object_terms 
[2025-03-31 10:31:47 : INFO] - Cache for multiple term taxonomy have been purged due to post terms update, triggered by action: set_object_terms 
[2025-03-31 10:31:48 : INFO] - Cache for URL: https://saridis.local/catalog/olivkovoe-maslo-extra-virgin-saridis-1l-pdo-3/ has been purged, triggered by action: save_post 
[2025-03-31 10:31:48 : INFO] - Cache for multiple term taxonomy have been purged due to post terms update, triggered by action: set_object_terms 
[2025-03-31 10:31:48 : INFO] - Cache for multiple term taxonomy have been purged due to post terms update, triggered by action: set_object_terms 
[2025-03-31 10:31:49 : INFO] - Cache for URL: https://saridis.local/catalog/olivkovoe-maslo-extra-virgin-sitia-of-gold-pdo/ has been purged, triggered by action: save_post 
[2025-03-31 10:31:49 : INFO] - Cache for multiple term taxonomy have been purged due to post terms update, triggered by action: set_object_terms 
[2025-03-31 10:31:49 : INFO] - Cache for multiple term taxonomy have been purged due to post terms update, triggered by action: set_object_terms 
[2025-03-31 10:31:50 : INFO] - Cache for URL: https://saridis.local/catalog/olivkovoe-maslo-extra-virgin-sitia-of-gold-pdo-2/ has been purged, triggered by action: save_post 
[2025-03-31 10:31:50 : INFO] - Cache for multiple term taxonomy have been purged due to post terms update, triggered by action: set_object_terms 
[2025-03-31 10:31:50 : INFO] - Cache for multiple term taxonomy have been purged due to post terms update, triggered by action: set_object_terms 
[2025-03-31 10:31:51 : INFO] - Cache for URL: https://saridis.local/catalog/olivkovoe-maslo-extra-virgin-sitia-of-gold-pdo-3/ has been purged, triggered by action: save_post 
[2025-03-31 10:31:51 : INFO] - Cache for multiple term taxonomy have been purged due to post terms update, triggered by action: set_object_terms 
[2025-03-31 10:31:51 : INFO] - Cache for multiple term taxonomy have been purged due to post terms update, triggered by action: set_object_terms 
[2025-03-31 10:31:53 : INFO] - Cache for URL: https://saridis.local/catalog/olivkovoe-maslo-extra-virgin-sitia-of-gold-pdo-4/ has been purged, triggered by action: save_post 
[2025-03-31 10:31:53 : INFO] - Cache for multiple term taxonomy have been purged due to post terms update, triggered by action: set_object_terms 
[2025-03-31 10:31:53 : INFO] - Cache for multiple term taxonomy have been purged due to post terms update, triggered by action: set_object_terms 
[2025-03-31 10:31:54 : INFO] - Cache for URL: https://saridis.local/catalog/olivkovoe-maslo-extra-virgin-mylopotamos-pdo/ has been purged, triggered by action: save_post 
[2025-03-31 10:31:54 : INFO] - Cache for multiple term taxonomy have been purged due to post terms update, triggered by action: set_object_terms 
[2025-03-31 10:31:54 : INFO] - Cache for multiple term taxonomy have been purged due to post terms update, triggered by action: set_object_terms 
[2025-03-31 10:31:55 : INFO] - Cache for URL: https://saridis.local/catalog/maslo-olivkovoe-pomace-saridis/ has been purged, triggered by action: save_post 
[2025-03-31 10:31:55 : INFO] - Cache for multiple term taxonomy have been purged due to post terms update, triggered by action: set_object_terms 
[2025-03-31 10:31:55 : INFO] - Cache for multiple term taxonomy have been purged due to post terms update, triggered by action: set_object_terms 
[2025-03-31 10:31:56 : INFO] - Cache for URL: https://saridis.local/catalog/maslo-olivkovoe-pomace-saridis-2/ has been purged, triggered by action: save_post 
[2025-03-31 10:31:56 : INFO] - Cache for multiple term taxonomy have been purged due to post terms update, triggered by action: set_object_terms 
[2025-03-31 10:31:56 : INFO] - Cache for multiple term taxonomy have been purged due to post terms update, triggered by action: set_object_terms 
[2025-03-31 10:31:57 : INFO] - Cache for URL: https://saridis.local/catalog/maslo-olivkovoe-pomace-saridis-3/ has been purged, triggered by action: save_post 
[2025-03-31 10:31:57 : INFO] - Cache for multiple term taxonomy have been purged due to post terms update, triggered by action: set_object_terms 
[2025-03-31 10:31:57 : INFO] - Cache for multiple term taxonomy have been purged due to post terms update, triggered by action: set_object_terms 
[2025-03-31 10:31:58 : INFO] - Cache for URL: https://saridis.local/catalog/maslo-olivkovoe-pomace-koko/ has been purged, triggered by action: save_post 
[2025-03-31 10:31:58 : INFO] - Cache for multiple term taxonomy have been purged due to post terms update, triggered by action: set_object_terms 
[2025-03-31 10:31:58 : INFO] - Cache for multiple term taxonomy have been purged due to post terms update, triggered by action: set_object_terms 
[2025-03-31 10:31:59 : INFO] - Cache for URL: https://saridis.local/catalog/maslo-olivkovoe-pomace-koko-2/ has been purged, triggered by action: save_post 
[2025-03-31 10:31:59 : INFO] - Cache for multiple term taxonomy have been purged due to post terms update, triggered by action: set_object_terms 
[2025-03-31 10:31:59 : INFO] - Cache for multiple term taxonomy have been purged due to post terms update, triggered by action: set_object_terms 
[2025-03-31 10:32:01 : INFO] - Cache for URL: https://saridis.local/catalog/maslo-olivkovoe-pomace-koko-3/ has been purged, triggered by action: save_post 
[2025-03-31 10:32:56 : INFO] - Cache for multiple term taxonomy have been purged due to post terms update, triggered by action: set_object_terms 
[2025-03-31 10:32:56 : INFO] - Cache for multiple term taxonomy have been purged due to post terms update, triggered by action: set_object_terms 
[2025-03-31 10:32:57 : INFO] - Cache for URL: https://saridis.local/catalog/maslo-kukuruznoe/ has been purged, triggered by action: save_post 
[2025-03-31 10:32:57 : INFO] - Cache for multiple term taxonomy have been purged due to post terms update, triggered by action: set_object_terms 
[2025-03-31 10:32:57 : INFO] - Cache for multiple term taxonomy have been purged due to post terms update, triggered by action: set_object_terms 
[2025-03-31 10:32:58 : INFO] - Cache for URL: https://saridis.local/catalog/ketchup-bez-sahara-condito-pl-but/ has been purged, triggered by action: save_post 
[2025-03-31 10:32:58 : INFO] - Cache for multiple term taxonomy have been purged due to post terms update, triggered by action: set_object_terms 
[2025-03-31 10:32:58 : INFO] - Cache for multiple term taxonomy have been purged due to post terms update, triggered by action: set_object_terms 
[2025-03-31 10:32:59 : INFO] - Cache for URL: https://saridis.local/catalog/ketchup-so-steviej-condito-pl-but/ has been purged, triggered by action: save_post 
[2025-03-31 10:32:59 : INFO] - Cache for multiple term taxonomy have been purged due to post terms update, triggered by action: set_object_terms 
[2025-03-31 10:32:59 : INFO] - Cache for multiple term taxonomy have been purged due to post terms update, triggered by action: set_object_terms 
[2025-03-31 10:33:00 : INFO] - Cache for URL: https://saridis.local/catalog/gorchicza-myagkaya-mustard-42kg-soft/ has been purged, triggered by action: save_post 
[2025-03-31 10:33:00 : INFO] - Cache for multiple term taxonomy have been purged due to post terms update, triggered by action: set_object_terms 
[2025-03-31 10:33:00 : INFO] - Cache for multiple term taxonomy have been purged due to post terms update, triggered by action: set_object_terms 
[2025-03-31 10:33:02 : INFO] - Cache for URL: https://saridis.local/catalog/gorchicza-myagkaya-mustard-45kg-soft/ has been purged, triggered by action: save_post 
[2025-03-31 10:33:02 : INFO] - Cache for multiple term taxonomy have been purged due to post terms update, triggered by action: set_object_terms 
[2025-03-31 10:33:03 : INFO] - Cache for URL: https://saridis.local/catalog/gorchicza-s-medom/ has been purged, triggered by action: save_post 
[2025-03-31 10:33:03 : INFO] - Cache for multiple term taxonomy have been purged due to post terms update, triggered by action: set_object_terms 
[2025-03-31 10:33:03 : INFO] - Cache for multiple term taxonomy have been purged due to post terms update, triggered by action: set_object_terms 
[2025-03-31 10:33:04 : INFO] - Cache for URL: https://saridis.local/catalog/balzamicheskij-sous-klassicheskij/ has been purged, triggered by action: save_post 
[2025-03-31 10:33:04 : INFO] - Cache for multiple term taxonomy have been purged due to post terms update, triggered by action: set_object_terms 
[2025-03-31 10:33:04 : INFO] - Cache for multiple term taxonomy have been purged due to post terms update, triggered by action: set_object_terms 
[2025-03-31 10:33:05 : INFO] - Cache for URL: https://saridis.local/catalog/belyj-balzamicheskij-sous/ has been purged, triggered by action: save_post 
[2025-03-31 10:33:05 : INFO] - Cache for multiple term taxonomy have been purged due to post terms update, triggered by action: set_object_terms 
[2025-03-31 10:33:05 : INFO] - Cache for multiple term taxonomy have been purged due to post terms update, triggered by action: set_object_terms 
[2025-03-31 10:33:06 : INFO] - Cache for URL: https://saridis.local/catalog/sous-balzamicheskij-s-inzhirom/ has been purged, triggered by action: save_post 
[2025-03-31 10:33:06 : INFO] - Cache for multiple term taxonomy have been purged due to post terms update, triggered by action: set_object_terms 
[2025-03-31 10:33:06 : INFO] - Cache for multiple term taxonomy have been purged due to post terms update, triggered by action: set_object_terms 
[2025-03-31 10:33:07 : INFO] - Cache for URL: https://saridis.local/catalog/balzamicheskij-sous-s-klubnikoj/ has been purged, triggered by action: save_post 
[2025-03-31 10:33:07 : INFO] - Cache for multiple term taxonomy have been purged due to post terms update, triggered by action: set_object_terms 
[2025-03-31 10:33:07 : INFO] - Cache for multiple term taxonomy have been purged due to post terms update, triggered by action: set_object_terms 
[2025-03-31 10:33:08 : INFO] - Cache for URL: https://saridis.local/catalog/sous-balzamicheskij-s-apelsinom/ has been purged, triggered by action: save_post 
[2025-03-31 10:33:08 : INFO] - Cache for multiple term taxonomy have been purged due to post terms update, triggered by action: set_object_terms 
[2025-03-31 10:33:08 : INFO] - Cache for multiple term taxonomy have been purged due to post terms update, triggered by action: set_object_terms 
[2025-03-31 10:33:09 : INFO] - Cache for URL: https://saridis.local/catalog/balzamicheskij-sous-sgranatom/ has been purged, triggered by action: save_post 
[2025-03-31 10:33:09 : INFO] - Cache for multiple term taxonomy have been purged due to post terms update, triggered by action: set_object_terms 
[2025-03-31 10:33:09 : INFO] - Cache for multiple term taxonomy have been purged due to post terms update, triggered by action: set_object_terms 
[2025-03-31 10:33:11 : INFO] - Cache for URL: https://saridis.local/catalog/balzamicheskij-sous-barbekyu/ has been purged, triggered by action: save_post 
[2025-03-31 10:33:11 : INFO] - Cache for multiple term taxonomy have been purged due to post terms update, triggered by action: set_object_terms 
[2025-03-31 10:33:11 : INFO] - Cache for multiple term taxonomy have been purged due to post terms update, triggered by action: set_object_terms 
[2025-03-31 10:33:12 : INFO] - Cache for URL: https://saridis.local/catalog/balzamicheskij-sous-s-lesnymi-yagodami/ has been purged, triggered by action: save_post 
[2025-03-31 10:33:12 : INFO] - Cache for multiple term taxonomy have been purged due to post terms update, triggered by action: set_object_terms 
[2025-03-31 10:33:12 : INFO] - Cache for multiple term taxonomy have been purged due to post terms update, triggered by action: set_object_terms 
[2025-03-31 10:33:13 : INFO] - Cache for URL: https://saridis.local/catalog/balzamicheskij-sous-chili/ has been purged, triggered by action: save_post 
[2025-03-31 10:33:13 : INFO] - Cache for multiple term taxonomy have been purged due to post terms update, triggered by action: set_object_terms 
[2025-03-31 10:33:13 : INFO] - Cache for multiple term taxonomy have been purged due to post terms update, triggered by action: set_object_terms 
[2025-03-31 10:33:14 : INFO] - Cache for URL: https://saridis.local/catalog/balzamicheskij-sous-s-vishnej/ has been purged, triggered by action: save_post 
[2025-03-31 10:33:14 : INFO] - Cache for multiple term taxonomy have been purged due to post terms update, triggered by action: set_object_terms 
[2025-03-31 10:33:14 : INFO] - Cache for multiple term taxonomy have been purged due to post terms update, triggered by action: set_object_terms 
[2025-03-31 10:33:15 : INFO] - Cache for URL: https://saridis.local/catalog/balzamicheskij-sous-s-limonom/ has been purged, triggered by action: save_post 
[2025-03-31 10:33:15 : INFO] - Cache for multiple term taxonomy have been purged due to post terms update, triggered by action: set_object_terms 
[2025-03-31 10:33:15 : INFO] - Cache for multiple term taxonomy have been purged due to post terms update, triggered by action: set_object_terms 
[2025-03-31 10:33:16 : INFO] - Cache for URL: https://saridis.local/catalog/balzamicheskij-sous-s-medom/ has been purged, triggered by action: save_post 
[2025-03-31 10:33:16 : INFO] - Cache for multiple term taxonomy have been purged due to post terms update, triggered by action: set_object_terms 
[2025-03-31 10:33:16 : INFO] - Cache for multiple term taxonomy have been purged due to post terms update, triggered by action: set_object_terms 
[2025-03-31 10:33:18 : INFO] - Cache for URL: https://saridis.local/catalog/balzamicheskij-sous-s-soevym-sousom/ has been purged, triggered by action: save_post 
[2025-03-31 10:33:18 : INFO] - Cache for multiple term taxonomy have been purged due to post terms update, triggered by action: set_object_terms 
[2025-03-31 10:33:18 : INFO] - Cache for multiple term taxonomy have been purged due to post terms update, triggered by action: set_object_terms 
[2025-03-31 10:33:19 : INFO] - Cache for URL: https://saridis.local/catalog/sous-balzamicheskij-sgranatom-bez-sahara/ has been purged, triggered by action: save_post 
[2025-03-31 10:33:19 : INFO] - Cache for multiple term taxonomy have been purged due to post terms update, triggered by action: set_object_terms 
[2025-03-31 10:33:19 : INFO] - Cache for multiple term taxonomy have been purged due to post terms update, triggered by action: set_object_terms 
[2025-03-31 10:33:20 : INFO] - Cache for URL: https://saridis.local/catalog/uksus-vinnyj-krasnyj/ has been purged, triggered by action: save_post 
[2025-03-31 10:33:20 : INFO] - Cache for multiple term taxonomy have been purged due to post terms update, triggered by action: set_object_terms 
[2025-03-31 10:33:20 : INFO] - Cache for multiple term taxonomy have been purged due to post terms update, triggered by action: set_object_terms 
[2025-03-31 10:33:21 : INFO] - Cache for URL: https://saridis.local/catalog/uksus-yablochnyj/ has been purged, triggered by action: save_post 
[2025-03-31 10:33:21 : INFO] - Cache for multiple term taxonomy have been purged due to post terms update, triggered by action: set_object_terms 
[2025-03-31 10:33:22 : INFO] - Cache for URL: https://saridis.local/catalog/sok-limonyj-konczentrat/ has been purged, triggered by action: save_post 
[2025-03-31 10:33:56 : INFO] - Cache for multiple term taxonomy have been purged due to post terms update, triggered by action: set_object_terms 
[2025-03-31 10:33:56 : INFO] - Cache for multiple term taxonomy have been purged due to post terms update, triggered by action: set_object_terms 
[2025-03-31 10:33:57 : INFO] - Cache for URL: https://saridis.local/catalog/masliny-s-kostochkoj-v-rassole-atlas-70-90/ has been purged, triggered by action: save_post 
[2025-03-31 10:33:57 : INFO] - Cache for multiple term taxonomy have been purged due to post terms update, triggered by action: set_object_terms 
[2025-03-31 10:33:57 : INFO] - Cache for multiple term taxonomy have been purged due to post terms update, triggered by action: set_object_terms 
[2025-03-31 10:33:58 : INFO] - Cache for URL: https://saridis.local/catalog/masliny-s-kostochkoj-v-rassole-super-mammouth-91-100/ has been purged, triggered by action: save_post 
[2025-03-31 10:33:58 : INFO] - Cache for multiple term taxonomy have been purged due to post terms update, triggered by action: set_object_terms 
[2025-03-31 10:33:58 : INFO] - Cache for multiple term taxonomy have been purged due to post terms update, triggered by action: set_object_terms 
[2025-03-31 10:33:59 : INFO] - Cache for URL: https://saridis.local/catalog/masliny-s-kostochkoj-v-rassole-super-mammouth-101-110/ has been purged, triggered by action: save_post 
[2025-03-31 10:33:59 : INFO] - Cache for multiple term taxonomy have been purged due to post terms update, triggered by action: set_object_terms 
[2025-03-31 10:33:59 : INFO] - Cache for multiple term taxonomy have been purged due to post terms update, triggered by action: set_object_terms 
[2025-03-31 10:34:00 : INFO] - Cache for URL: https://saridis.local/catalog/masliny-s-kostochkoj-v-rassole-super-mammouth-111-120/ has been purged, triggered by action: save_post 
[2025-03-31 10:34:00 : INFO] - Cache for multiple term taxonomy have been purged due to post terms update, triggered by action: set_object_terms 
[2025-03-31 10:34:00 : INFO] - Cache for multiple term taxonomy have been purged due to post terms update, triggered by action: set_object_terms 
[2025-03-31 10:34:02 : INFO] - Cache for URL: https://saridis.local/catalog/masliny-s-kostochkoj-v-rassole-super-mammouth-101-110-2/ has been purged, triggered by action: save_post 
[2025-03-31 10:34:02 : INFO] - Cache for multiple term taxonomy have been purged due to post terms update, triggered by action: set_object_terms 
[2025-03-31 10:34:02 : INFO] - Cache for multiple term taxonomy have been purged due to post terms update, triggered by action: set_object_terms 
[2025-03-31 10:34:03 : INFO] - Cache for URL: https://saridis.local/catalog/masliny-bez-kostochek-v-rassole-superior-101-110/ has been purged, triggered by action: save_post 
[2025-03-31 10:34:03 : INFO] - Cache for multiple term taxonomy have been purged due to post terms update, triggered by action: set_object_terms 
[2025-03-31 10:34:03 : INFO] - Cache for multiple term taxonomy have been purged due to post terms update, triggered by action: set_object_terms 
[2025-03-31 10:34:04 : INFO] - Cache for URL: https://saridis.local/catalog/olivki-s-kostochkoj-v-rassole-atlas-71-90/ has been purged, triggered by action: save_post 
[2025-03-31 10:34:04 : INFO] - Cache for multiple term taxonomy have been purged due to post terms update, triggered by action: set_object_terms 
[2025-03-31 10:34:04 : INFO] - Cache for multiple term taxonomy have been purged due to post terms update, triggered by action: set_object_terms 
[2025-03-31 10:34:05 : INFO] - Cache for URL: https://saridis.local/catalog/olivki-s-kostochkoj-v-rassole-atlas-101-110/ has been purged, triggered by action: save_post 
[2025-03-31 10:34:05 : INFO] - Cache for multiple term taxonomy have been purged due to post terms update, triggered by action: set_object_terms 
[2025-03-31 10:34:05 : INFO] - Cache for multiple term taxonomy have been purged due to post terms update, triggered by action: set_object_terms 
[2025-03-31 10:34:06 : INFO] - Cache for URL: https://saridis.local/catalog/olivki-bez-kostochek-v-rassole-superior-70-91/ has been purged, triggered by action: save_post 
[2025-03-31 10:34:06 : INFO] - Cache for multiple term taxonomy have been purged due to post terms update, triggered by action: set_object_terms 
[2025-03-31 10:34:06 : INFO] - Cache for multiple term taxonomy have been purged due to post terms update, triggered by action: set_object_terms 
[2025-03-31 10:34:07 : INFO] - Cache for URL: https://saridis.local/catalog/olivki-bez-kostochek-v-rassole-superior-101-110/ has been purged, triggered by action: save_post 
[2025-03-31 10:34:07 : INFO] - Cache for multiple term taxonomy have been purged due to post terms update, triggered by action: set_object_terms 
[2025-03-31 10:34:07 : INFO] - Cache for multiple term taxonomy have been purged due to post terms update, triggered by action: set_object_terms 
[2025-03-31 10:34:08 : INFO] - Cache for URL: https://saridis.local/catalog/olivki-kalamon-s-kostochkoj-v-rassole-extra-jumbo-161-180/ has been purged, triggered by action: save_post 
[2025-03-31 10:34:08 : INFO] - Cache for multiple term taxonomy have been purged due to post terms update, triggered by action: set_object_terms 
[2025-03-31 10:34:08 : INFO] - Cache for multiple term taxonomy have been purged due to post terms update, triggered by action: set_object_terms 
[2025-03-31 10:34:09 : INFO] - Cache for URL: https://saridis.local/catalog/masliny-s-kostochkoj-v-rassole-atlas-70-90-2/ has been purged, triggered by action: save_post 
[2025-03-31 10:34:09 : INFO] - Cache for multiple term taxonomy have been purged due to post terms update, triggered by action: set_object_terms 
[2025-03-31 10:34:09 : INFO] - Cache for multiple term taxonomy have been purged due to post terms update, triggered by action: set_object_terms 
[2025-03-31 10:34:10 : INFO] - Cache for URL: https://saridis.local/catalog/masliny-s-kostochkami-v-rassole-super-mammouth-91-100/ has been purged, triggered by action: save_post 
[2025-03-31 10:34:10 : INFO] - Cache for multiple term taxonomy have been purged due to post terms update, triggered by action: set_object_terms 
[2025-03-31 10:34:10 : INFO] - Cache for multiple term taxonomy have been purged due to post terms update, triggered by action: set_object_terms 
[2025-03-31 10:34:12 : INFO] - Cache for URL: https://saridis.local/catalog/olivki-bez-kostochek-v-rassole-superior-70-91-2/ has been purged, triggered by action: save_post 
[2025-03-31 10:34:12 : INFO] - Cache for multiple term taxonomy have been purged due to post terms update, triggered by action: set_object_terms 
[2025-03-31 10:34:12 : INFO] - Cache for multiple term taxonomy have been purged due to post terms update, triggered by action: set_object_terms 
[2025-03-31 10:34:13 : INFO] - Cache for URL: https://saridis.local/catalog/olivki-s-kostochkoj-v-rassole-atlas-71-90-2/ has been purged, triggered by action: save_post 
[2025-03-31 10:34:13 : INFO] - Cache for multiple term taxonomy have been purged due to post terms update, triggered by action: set_object_terms 
[2025-03-31 10:34:13 : INFO] - Cache for multiple term taxonomy have been purged due to post terms update, triggered by action: set_object_terms 
[2025-03-31 10:34:14 : INFO] - Cache for URL: https://saridis.local/catalog/olivki-s-kostochkoj-v-rassole-atlas-91-100/ has been purged, triggered by action: save_post 
[2025-03-31 10:34:14 : INFO] - Cache for multiple term taxonomy have been purged due to post terms update, triggered by action: set_object_terms 
[2025-03-31 10:34:14 : INFO] - Cache for multiple term taxonomy have been purged due to post terms update, triggered by action: set_object_terms 
[2025-03-31 10:34:15 : INFO] - Cache for URL: https://saridis.local/catalog/olivki-s-mindalem-v-rassole/ has been purged, triggered by action: save_post 
[2025-03-31 10:34:15 : INFO] - Cache for multiple term taxonomy have been purged due to post terms update, triggered by action: set_object_terms 
[2025-03-31 10:34:15 : INFO] - Cache for multiple term taxonomy have been purged due to post terms update, triggered by action: set_object_terms 
[2025-03-31 10:34:16 : INFO] - Cache for URL: https://saridis.local/catalog/olivki-kalamon-s-kostochkoj-v-rassole-extra-jumbo-161-180-2/ has been purged, triggered by action: save_post 
[2025-03-31 10:34:16 : INFO] - Cache for multiple term taxonomy have been purged due to post terms update, triggered by action: set_object_terms 
[2025-03-31 10:34:16 : INFO] - Cache for multiple term taxonomy have been purged due to post terms update, triggered by action: set_object_terms 
[2025-03-31 10:34:18 : INFO] - Cache for URL: https://saridis.local/catalog/olivki-kalamon-s-kostochkoj-v-rassole-jumbo-181-200/ has been purged, triggered by action: save_post 
[2025-03-31 10:34:18 : INFO] - Cache for multiple term taxonomy have been purged due to post terms update, triggered by action: set_object_terms 
[2025-03-31 10:34:18 : INFO] - Cache for multiple term taxonomy have been purged due to post terms update, triggered by action: set_object_terms 
[2025-03-31 10:34:19 : INFO] - Cache for URL: https://saridis.local/catalog/olivki-kalamon-bez-kostochki-v-rassole-jumbo-181-201/ has been purged, triggered by action: save_post 
[2025-03-31 10:34:19 : INFO] - Cache for multiple term taxonomy have been purged due to post terms update, triggered by action: set_object_terms 
[2025-03-31 10:34:19 : INFO] - Cache for multiple term taxonomy have been purged due to post terms update, triggered by action: set_object_terms 
[2025-03-31 10:34:20 : INFO] - Cache for URL: https://saridis.local/catalog/masliny-s-kostochkoj-70-90/ has been purged, triggered by action: save_post 
[2025-03-31 10:34:20 : INFO] - Cache for multiple term taxonomy have been purged due to post terms update, triggered by action: set_object_terms 
[2025-03-31 10:34:20 : INFO] - Cache for multiple term taxonomy have been purged due to post terms update, triggered by action: set_object_terms 
[2025-03-31 10:34:21 : INFO] - Cache for URL: https://saridis.local/catalog/masliny-bez-kostochek-v-rassole-superior-111-120/ has been purged, triggered by action: save_post 
[2025-03-31 10:34:21 : INFO] - Cache for multiple term taxonomy have been purged due to post terms update, triggered by action: set_object_terms 
[2025-03-31 10:34:21 : INFO] - Cache for multiple term taxonomy have been purged due to post terms update, triggered by action: set_object_terms 
[2025-03-31 10:34:22 : INFO] - Cache for URL: https://saridis.local/catalog/olivki-s-kostochkoj-101-110/ has been purged, triggered by action: save_post 
[2025-03-31 10:34:22 : INFO] - Cache for multiple term taxonomy have been purged due to post terms update, triggered by action: set_object_terms 
[2025-03-31 10:34:22 : INFO] - Cache for multiple term taxonomy have been purged due to post terms update, triggered by action: set_object_terms 
[2025-03-31 10:34:23 : INFO] - Cache for URL: https://saridis.local/catalog/olivki-bez-kostochek-v-rassole-mammouth-111-120/ has been purged, triggered by action: save_post 
[2025-03-31 10:34:24 : INFO] - Cache for multiple term taxonomy have been purged due to post terms update, triggered by action: set_object_terms 
[2025-03-31 10:34:24 : INFO] - Cache for multiple term taxonomy have been purged due to post terms update, triggered by action: set_object_terms 
[2025-03-31 10:34:25 : INFO] - Cache for URL: https://saridis.local/catalog/olivki-kalamata-s-kostochkoj-v-rassole-jumbo-181-200/ has been purged, triggered by action: save_post 
[2025-03-31 10:34:25 : INFO] - Cache for multiple term taxonomy have been purged due to post terms update, triggered by action: set_object_terms 
[2025-03-31 10:34:25 : INFO] - Cache for multiple term taxonomy have been purged due to post terms update, triggered by action: set_object_terms 
[2025-03-31 10:34:26 : INFO] - Cache for URL: https://saridis.local/catalog/olivki-zelenye-s-kostochkami-s-mammouth-91-100/ has been purged, triggered by action: save_post 
[2025-03-31 10:34:26 : INFO] - Cache for multiple term taxonomy have been purged due to post terms update, triggered by action: set_object_terms 
[2025-03-31 10:34:26 : INFO] - Cache for multiple term taxonomy have been purged due to post terms update, triggered by action: set_object_terms 
[2025-03-31 10:34:27 : INFO] - Cache for URL: https://saridis.local/catalog/olivki-zelenye-bez-kostocheks-mammouth-91-100/ has been purged, triggered by action: save_post 
[2025-03-31 10:34:27 : INFO] - Cache for multiple term taxonomy have been purged due to post terms update, triggered by action: set_object_terms 
[2025-03-31 10:34:27 : INFO] - Cache for multiple term taxonomy have been purged due to post terms update, triggered by action: set_object_terms 
[2025-03-31 10:34:28 : INFO] - Cache for URL: https://saridis.local/catalog/masliny-s-kostochkoj-s-mammouth-91-100/ has been purged, triggered by action: save_post 
[2025-03-31 10:34:28 : INFO] - Cache for multiple term taxonomy have been purged due to post terms update, triggered by action: set_object_terms 
[2025-03-31 10:34:28 : INFO] - Cache for multiple term taxonomy have been purged due to post terms update, triggered by action: set_object_terms 
[2025-03-31 10:34:29 : INFO] - Cache for URL: https://saridis.local/catalog/masliny-bez-kostochek-s-mammouth-91-100/ has been purged, triggered by action: save_post 
[2025-03-31 10:34:29 : INFO] - Cache for multiple term taxonomy have been purged due to post terms update, triggered by action: set_object_terms 
[2025-03-31 10:34:29 : INFO] - Cache for multiple term taxonomy have been purged due to post terms update, triggered by action: set_object_terms 
[2025-03-31 10:34:30 : INFO] - Cache for URL: https://saridis.local/catalog/olivki-vyalenye-throumba-thassos/ has been purged, triggered by action: save_post 
[2025-03-31 10:34:30 : INFO] - Cache for multiple term taxonomy have been purged due to post terms update, triggered by action: set_object_terms 
[2025-03-31 10:34:30 : INFO] - Cache for multiple term taxonomy have been purged due to post terms update, triggered by action: set_object_terms 
[2025-03-31 10:34:32 : INFO] - Cache for URL: https://saridis.local/catalog/olivki-vyalenye-throumba-thassos-2/ has been purged, triggered by action: save_post 
[2025-03-31 10:34:32 : INFO] - Cache for multiple term taxonomy have been purged due to post terms update, triggered by action: set_object_terms 
[2025-03-31 10:34:32 : INFO] - Cache for multiple term taxonomy have been purged due to post terms update, triggered by action: set_object_terms 
[2025-03-31 10:34:33 : INFO] - Cache for URL: https://saridis.local/catalog/olivki-zelenye-i-olivki-kalamata-s-kostochkoj-mix/ has been purged, triggered by action: save_post 
[2025-03-31 10:34:33 : INFO] - Cache for multiple term taxonomy have been purged due to post terms update, triggered by action: set_object_terms 
[2025-03-31 10:34:33 : INFO] - Cache for multiple term taxonomy have been purged due to post terms update, triggered by action: set_object_terms 
[2025-03-31 10:34:34 : INFO] - Cache for URL: https://saridis.local/catalog/olivki-zelenye-i-olivki-kalamata-s-kostochkoj-mix-2/ has been purged, triggered by action: save_post 
[2025-03-31 10:35:12 : INFO] - Cache for multiple term taxonomy have been purged due to post terms update, triggered by action: set_object_terms 
[2025-03-31 10:35:12 : INFO] - Cache for multiple term taxonomy have been purged due to post terms update, triggered by action: set_object_terms 
[2025-03-31 10:35:13 : INFO] - Cache for URL: https://saridis.local/catalog/vyalenye-tomaty-v-rastitelnom-masle-so-specziyami/ has been purged, triggered by action: save_post 
[2025-03-31 10:35:13 : INFO] - Cache for multiple term taxonomy have been purged due to post terms update, triggered by action: set_object_terms 
[2025-03-31 10:35:13 : INFO] - Cache for multiple term taxonomy have been purged due to post terms update, triggered by action: set_object_terms 
[2025-03-31 10:35:14 : INFO] - Cache for URL: https://saridis.local/catalog/vyalenye-tomaty-v-rastitelnom-masle-so-specziyami-2/ has been purged, triggered by action: save_post 
[2025-03-31 10:35:14 : INFO] - Cache for multiple term taxonomy have been purged due to post terms update, triggered by action: set_object_terms 
[2025-03-31 10:35:14 : INFO] - Cache for multiple term taxonomy have been purged due to post terms update, triggered by action: set_object_terms 
[2025-03-31 10:35:15 : INFO] - Cache for URL: https://saridis.local/catalog/vyalenye-tomaty-v-rastitelnom-masle-so-specziyami-3/ has been purged, triggered by action: save_post 
[2025-03-31 10:35:15 : INFO] - Cache for multiple term taxonomy have been purged due to post terms update, triggered by action: set_object_terms 
[2025-03-31 10:35:15 : INFO] - Cache for multiple term taxonomy have been purged due to post terms update, triggered by action: set_object_terms 
[2025-03-31 10:35:16 : INFO] - Cache for URL: https://saridis.local/catalog/baklazhany-pechenye-v-tomatnom-souse/ has been purged, triggered by action: save_post 
[2025-03-31 10:35:16 : INFO] - Cache for multiple term taxonomy have been purged due to post terms update, triggered by action: set_object_terms 
[2025-03-31 10:35:16 : INFO] - Cache for multiple term taxonomy have been purged due to post terms update, triggered by action: set_object_terms 
[2025-03-31 10:35:17 : INFO] - Cache for URL: https://saridis.local/catalog/baklazhany-pechenye-pashtet-dlya-melidzanosalata/ has been purged, triggered by action: save_post 
[2025-03-31 10:35:17 : INFO] - Cache for multiple term taxonomy have been purged due to post terms update, triggered by action: set_object_terms 
[2025-03-31 10:35:17 : INFO] - Cache for multiple term taxonomy have been purged due to post terms update, triggered by action: set_object_terms 
[2025-03-31 10:35:19 : INFO] - Cache for URL: https://saridis.local/catalog/fasol-pechenaya-v-tomatnom-souse/ has been purged, triggered by action: save_post 
[2025-03-31 10:35:19 : INFO] - Cache for multiple term taxonomy have been purged due to post terms update, triggered by action: set_object_terms 
[2025-03-31 10:35:19 : INFO] - Cache for multiple term taxonomy have been purged due to post terms update, triggered by action: set_object_terms 
[2025-03-31 10:35:20 : INFO] - Cache for URL: https://saridis.local/catalog/fasol-pechenaya-v-tomatnom-souse-2/ has been purged, triggered by action: save_post 
[2025-03-31 10:35:20 : INFO] - Cache for multiple term taxonomy have been purged due to post terms update, triggered by action: set_object_terms 
[2025-03-31 10:35:20 : INFO] - Cache for multiple term taxonomy have been purged due to post terms update, triggered by action: set_object_terms 
[2025-03-31 10:35:21 : INFO] - Cache for URL: https://saridis.local/catalog/perecz-cherry-krasnyj-18kg/ has been purged, triggered by action: save_post 
[2025-03-31 10:35:21 : INFO] - Cache for multiple term taxonomy have been purged due to post terms update, triggered by action: set_object_terms 
[2025-03-31 10:35:21 : INFO] - Cache for multiple term taxonomy have been purged due to post terms update, triggered by action: set_object_terms 
[2025-03-31 10:35:22 : INFO] - Cache for URL: https://saridis.local/catalog/perecz-cherry-zheltyj-18kg/ has been purged, triggered by action: save_post 
[2025-03-31 10:35:22 : INFO] - Cache for multiple term taxonomy have been purged due to post terms update, triggered by action: set_object_terms 
[2025-03-31 10:35:22 : INFO] - Cache for multiple term taxonomy have been purged due to post terms update, triggered by action: set_object_terms 
[2025-03-31 10:35:23 : INFO] - Cache for URL: https://saridis.local/catalog/perecz-cherry-zelenyj-18kg/ has been purged, triggered by action: save_post 
[2025-03-31 10:35:23 : INFO] - Cache for multiple term taxonomy have been purged due to post terms update, triggered by action: set_object_terms 
[2025-03-31 10:35:23 : INFO] - Cache for multiple term taxonomy have been purged due to post terms update, triggered by action: set_object_terms 
[2025-03-31 10:35:24 : INFO] - Cache for URL: https://saridis.local/catalog/perecz-zolotistyj-marinovanyj-makedoniko-25kg/ has been purged, triggered by action: save_post 
[2025-03-31 10:35:24 : INFO] - Cache for multiple term taxonomy have been purged due to post terms update, triggered by action: set_object_terms 
[2025-03-31 10:35:24 : INFO] - Cache for multiple term taxonomy have been purged due to post terms update, triggered by action: set_object_terms 
[2025-03-31 10:35:25 : INFO] - Cache for URL: https://saridis.local/catalog/perecz-zolotistyj-marinovanyj-makedoniko-7kg/ has been purged, triggered by action: save_post 
[2025-03-31 10:35:25 : INFO] - Cache for multiple term taxonomy have been purged due to post terms update, triggered by action: set_object_terms 
[2025-03-31 10:35:25 : INFO] - Cache for multiple term taxonomy have been purged due to post terms update, triggered by action: set_object_terms 
[2025-03-31 10:35:26 : INFO] - Cache for URL: https://saridis.local/catalog/perecz-zolotistyj-marinovanyj-makedoniko/ has been purged, triggered by action: save_post 
[2025-03-31 10:35:26 : INFO] - Cache for multiple term taxonomy have been purged due to post terms update, triggered by action: set_object_terms 
[2025-03-31 10:35:26 : INFO] - Cache for multiple term taxonomy have been purged due to post terms update, triggered by action: set_object_terms 
[2025-03-31 10:35:27 : INFO] - Cache for URL: https://saridis.local/catalog/perecz-zapechennyj-krasnyj-buono-350gr/ has been purged, triggered by action: save_post 
[2025-03-31 10:35:27 : INFO] - Cache for multiple term taxonomy have been purged due to post terms update, triggered by action: set_object_terms 
[2025-03-31 10:35:27 : INFO] - Cache for multiple term taxonomy have been purged due to post terms update, triggered by action: set_object_terms 
[2025-03-31 10:35:29 : INFO] - Cache for URL: https://saridis.local/catalog/perecz-zapechennyj-krasnyj-i-zheltyj-buono-350gr-st-b/ has been purged, triggered by action: save_post 
[2025-03-31 10:35:43 : INFO] - Cache for multiple term taxonomy have been purged due to post terms update, triggered by action: set_object_terms 
[2025-03-31 10:35:43 : INFO] - Cache for multiple term taxonomy have been purged due to post terms update, triggered by action: set_object_terms 
[2025-03-31 10:35:44 : INFO] - Cache for URL: https://saridis.local/catalog/makaronnye-izdeliya-spiral-ellinikos-sitos/ has been purged, triggered by action: save_post 
[2025-03-31 10:35:44 : INFO] - Cache for multiple term taxonomy have been purged due to post terms update, triggered by action: set_object_terms 
[2025-03-31 10:35:44 : INFO] - Cache for multiple term taxonomy have been purged due to post terms update, triggered by action: set_object_terms 
[2025-03-31 10:35:45 : INFO] - Cache for URL: https://saridis.local/catalog/makaronnye-izdeliya-orzo-ellinikos-sitos/ has been purged, triggered by action: save_post 
[2025-03-31 10:35:45 : INFO] - Cache for multiple term taxonomy have been purged due to post terms update, triggered by action: set_object_terms 
[2025-03-31 10:35:45 : INFO] - Cache for multiple term taxonomy have been purged due to post terms update, triggered by action: set_object_terms 
[2025-03-31 10:35:46 : INFO] - Cache for URL: https://saridis.local/catalog/makaronye-izdeliya-bucatini-%e2%84%962-ellinikos-sitos/ has been purged, triggered by action: save_post 
[2025-03-31 10:35:46 : INFO] - Cache for multiple term taxonomy have been purged due to post terms update, triggered by action: set_object_terms 
[2025-03-31 10:35:46 : INFO] - Cache for multiple term taxonomy have been purged due to post terms update, triggered by action: set_object_terms 
[2025-03-31 10:35:47 : INFO] - Cache for URL: https://saridis.local/catalog/makaronye-izdeliya-spaghettini-%e2%84%9610-ellinikos-sitos/ has been purged, triggered by action: save_post 
[2025-03-31 10:35:47 : INFO] - Cache for multiple term taxonomy have been purged due to post terms update, triggered by action: set_object_terms 
[2025-03-31 10:35:47 : INFO] - Cache for multiple term taxonomy have been purged due to post terms update, triggered by action: set_object_terms 
[2025-03-31 10:35:48 : INFO] - Cache for URL: https://saridis.local/catalog/makaronye-izdeliya-spaghettini-%e2%84%966-ellinikos-sitos/ has been purged, triggered by action: save_post 
[2025-03-31 10:35:48 : INFO] - Cache for multiple term taxonomy have been purged due to post terms update, triggered by action: set_object_terms 
[2025-03-31 10:35:48 : INFO] - Cache for multiple term taxonomy have been purged due to post terms update, triggered by action: set_object_terms 
[2025-03-31 10:35:49 : INFO] - Cache for URL: https://saridis.local/catalog/makaronye-izdeliya-spaghettini-%e2%84%966-ellinikos-sitos-iz-czelnozernovoj-muki/ has been purged, triggered by action: save_post 
[2025-03-31 10:35:49 : INFO] - Cache for multiple term taxonomy have been purged due to post terms update, triggered by action: set_object_terms 
[2025-03-31 10:35:49 : INFO] - Cache for multiple term taxonomy have been purged due to post terms update, triggered by action: set_object_terms 
[2025-03-31 10:35:50 : INFO] - Cache for URL: https://saridis.local/catalog/makaronnye-izdeliya-penne-ellinikos-sitos/ has been purged, triggered by action: save_post 
[2025-03-31 10:35:50 : INFO] - Cache for multiple term taxonomy have been purged due to post terms update, triggered by action: set_object_terms 
[2025-03-31 10:35:50 : INFO] - Cache for multiple term taxonomy have been purged due to post terms update, triggered by action: set_object_terms 
[2025-03-31 10:35:51 : INFO] - Cache for URL: https://saridis.local/catalog/makaronnye-izdeliya-ditalini-ellinikos-sitos/ has been purged, triggered by action: save_post 
[2025-03-31 10:36:06 : INFO] - Cache for multiple term taxonomy have been purged due to post terms update, triggered by action: set_object_terms 
[2025-03-31 10:36:06 : INFO] - Cache for multiple term taxonomy have been purged due to post terms update, triggered by action: set_object_terms 
[2025-03-31 10:36:07 : INFO] - Cache for URL: https://saridis.local/catalog/vafelnye-trubochki-caprice-s-shokoladym-kremom/ has been purged, triggered by action: save_post 
[2025-03-31 10:36:07 : INFO] - Cache for multiple term taxonomy have been purged due to post terms update, triggered by action: set_object_terms 
[2025-03-31 10:36:07 : INFO] - Cache for multiple term taxonomy have been purged due to post terms update, triggered by action: set_object_terms 
[2025-03-31 10:36:08 : INFO] - Cache for URL: https://saridis.local/catalog/shokoladnaya-pasta-melinda/ has been purged, triggered by action: save_post 
[2025-03-31 10:36:08 : INFO] - Cache for multiple term taxonomy have been purged due to post terms update, triggered by action: set_object_terms 
[2025-03-31 10:36:08 : INFO] - Cache for multiple term taxonomy have been purged due to post terms update, triggered by action: set_object_terms 
[2025-03-31 10:36:09 : INFO] - Cache for URL: https://saridis.local/catalog/shokoladnaya-pasta-melinda-2/ has been purged, triggered by action: save_post 
[2025-03-31 10:36:22 : INFO] - Cache for multiple term taxonomy have been purged due to post terms update, triggered by action: set_object_terms 
[2025-03-31 10:36:22 : INFO] - Cache for multiple term taxonomy have been purged due to post terms update, triggered by action: set_object_terms 
[2025-03-31 10:36:23 : INFO] - Cache for URL: https://saridis.local/catalog/kofe-naturalnyj-molotyj/ has been purged, triggered by action: save_post 
[2025-03-31 10:36:23 : INFO] - Cache for multiple term taxonomy have been purged due to post terms update, triggered by action: set_object_terms 
[2025-03-31 10:36:23 : INFO] - Cache for multiple term taxonomy have been purged due to post terms update, triggered by action: set_object_terms 
[2025-03-31 10:36:24 : INFO] - Cache for URL: https://saridis.local/catalog/kofe-naturalnyj-molotyj-2/ has been purged, triggered by action: save_post 
[2025-03-31 10:36:24 : INFO] - Cache for multiple term taxonomy have been purged due to post terms update, triggered by action: set_object_terms 
[2025-03-31 10:36:24 : INFO] - Cache for multiple term taxonomy have been purged due to post terms update, triggered by action: set_object_terms 
[2025-03-31 10:36:26 : INFO] - Cache for URL: https://saridis.local/catalog/kofe-naturalnyj-molotyj-3/ has been purged, triggered by action: save_post 
[2025-03-31 10:36:26 : INFO] - Cache for multiple term taxonomy have been purged due to post terms update, triggered by action: set_object_terms 
[2025-03-31 10:36:26 : INFO] - Cache for multiple term taxonomy have been purged due to post terms update, triggered by action: set_object_terms 
[2025-03-31 10:36:27 : INFO] - Cache for URL: https://saridis.local/catalog/kofe-naturalnyj-molotyj-mel-cafe/ has been purged, triggered by action: save_post 
[2025-03-31 10:36:27 : INFO] - Cache for multiple term taxonomy have been purged due to post terms update, triggered by action: set_object_terms 
[2025-03-31 10:36:27 : INFO] - Cache for multiple term taxonomy have been purged due to post terms update, triggered by action: set_object_terms 
[2025-03-31 10:36:28 : INFO] - Cache for URL: https://saridis.local/catalog/kofe-naturalnyj-molotyj-mel-cafe-gold/ has been purged, triggered by action: save_post 
[2025-03-31 10:36:28 : INFO] - Cache for multiple term taxonomy have been purged due to post terms update, triggered by action: set_object_terms 
[2025-03-31 10:36:28 : INFO] - Cache for multiple term taxonomy have been purged due to post terms update, triggered by action: set_object_terms 
[2025-03-31 10:36:29 : INFO] - Cache for URL: https://saridis.local/catalog/kofe-naturalnyj-molotyj-mel-cafe-2/ has been purged, triggered by action: save_post 
[2025-03-31 10:36:29 : INFO] - Cache for multiple term taxonomy have been purged due to post terms update, triggered by action: set_object_terms 
[2025-03-31 10:36:29 : INFO] - Cache for multiple term taxonomy have been purged due to post terms update, triggered by action: set_object_terms 
[2025-03-31 10:36:30 : INFO] - Cache for URL: https://saridis.local/catalog/gornyj-chaj-malotira-saridis/ has been purged, triggered by action: save_post 
[2025-03-31 10:36:52 : INFO] - Cache for multiple term taxonomy have been purged due to post terms update, triggered by action: set_object_terms 
[2025-03-31 10:36:52 : INFO] - Cache for multiple term taxonomy have been purged due to post terms update, triggered by action: set_object_terms 
[2025-03-31 10:36:54 : INFO] - Cache for URL: https://saridis.local/catalog/priprava-oregano-hlopya/ has been purged, triggered by action: save_post 
[2025-03-31 10:36:54 : INFO] - Cache for multiple term taxonomy have been purged due to post terms update, triggered by action: set_object_terms 
[2025-03-31 10:36:54 : INFO] - Cache for multiple term taxonomy have been purged due to post terms update, triggered by action: set_object_terms 
[2025-03-31 10:36:55 : INFO] - Cache for URL: https://saridis.local/catalog/priprava-kurkuma-molotaya/ has been purged, triggered by action: save_post 
[2025-03-31 10:36:55 : INFO] - Cache for multiple term taxonomy have been purged due to post terms update, triggered by action: set_object_terms 
[2025-03-31 10:36:55 : INFO] - Cache for multiple term taxonomy have been purged due to post terms update, triggered by action: set_object_terms 
[2025-03-31 10:36:56 : INFO] - Cache for URL: https://saridis.local/catalog/priprava-timyan-chebrecz-hlopya/ has been purged, triggered by action: save_post 
[2025-03-31 10:36:56 : INFO] - Cache for multiple term taxonomy have been purged due to post terms update, triggered by action: set_object_terms 
[2025-03-31 10:36:56 : INFO] - Cache for multiple term taxonomy have been purged due to post terms update, triggered by action: set_object_terms 
[2025-03-31 10:36:57 : INFO] - Cache for URL: https://saridis.local/catalog/chernyj-perecz-vysshej-kategorii-molotyj/ has been purged, triggered by action: save_post 
[2025-03-31 10:36:57 : INFO] - Cache for multiple term taxonomy have been purged due to post terms update, triggered by action: set_object_terms 
[2025-03-31 10:36:57 : INFO] - Cache for multiple term taxonomy have been purged due to post terms update, triggered by action: set_object_terms 
[2025-03-31 10:36:58 : INFO] - Cache for URL: https://saridis.local/catalog/krasnyj-ostryj-perecz-bukovo-hlopya/ has been purged, triggered by action: save_post 
[2025-03-31 10:36:58 : INFO] - Cache for multiple term taxonomy have been purged due to post terms update, triggered by action: set_object_terms 
[2025-03-31 10:36:58 : INFO] - Cache for multiple term taxonomy have been purged due to post terms update, triggered by action: set_object_terms 
[2025-03-31 10:37:00 : INFO] - Cache for URL: https://saridis.local/catalog/paprika-vysshej-kategorii-molotaya/ has been purged, triggered by action: save_post 
[2025-03-31 10:37:00 : INFO] - Cache for multiple term taxonomy have been purged due to post terms update, triggered by action: set_object_terms 
[2025-03-31 10:37:00 : INFO] - Cache for multiple term taxonomy have been purged due to post terms update, triggered by action: set_object_terms 
[2025-03-31 10:37:01 : INFO] - Cache for URL: https://saridis.local/catalog/priprava-koriandr-molotyj/ has been purged, triggered by action: save_post 
[2025-03-31 10:37:01 : INFO] - Cache for multiple term taxonomy have been purged due to post terms update, triggered by action: set_object_terms 
[2025-03-31 10:37:01 : INFO] - Cache for multiple term taxonomy have been purged due to post terms update, triggered by action: set_object_terms 
[2025-03-31 10:37:02 : INFO] - Cache for URL: https://saridis.local/catalog/priprava-sumah-vysshej-kategorii/ has been purged, triggered by action: save_post 
[2025-03-31 10:37:02 : INFO] - Cache for multiple term taxonomy have been purged due to post terms update, triggered by action: set_object_terms 
[2025-03-31 10:37:02 : INFO] - Cache for multiple term taxonomy have been purged due to post terms update, triggered by action: set_object_terms 
[2025-03-31 10:37:03 : INFO] - Cache for URL: https://saridis.local/catalog/priprava-myata-vysshej-kategorii-hlopya/ has been purged, triggered by action: save_post 
[2025-03-31 10:37:03 : INFO] - Cache for multiple term taxonomy have been purged due to post terms update, triggered by action: set_object_terms 
[2025-03-31 10:37:03 : INFO] - Cache for multiple term taxonomy have been purged due to post terms update, triggered by action: set_object_terms 
[2025-03-31 10:37:04 : INFO] - Cache for URL: https://saridis.local/catalog/koricza-gold-palochki/ has been purged, triggered by action: save_post 
[2025-03-31 10:37:04 : INFO] - Cache for multiple term taxonomy have been purged due to post terms update, triggered by action: set_object_terms 
[2025-03-31 10:37:05 : INFO] - Cache for URL: https://saridis.local/catalog/priprava-dlya-kuriczy/ has been purged, triggered by action: save_post 
[2025-04-03 07:55:24 : INFO] - Cache for term page with URL: https://saridis.local/brand/onasis/  have been purged, triggered by action: edit_terms 
[2025-04-03 07:55:24 : INFO] - Cache for associated posts for term with URL: https://saridis.local/brand/onasis/ have been purged, triggered by action: edit_terms 
[2025-04-03 07:55:32 : INFO] - Cache for term page with URL: https://saridis.local/brand/onasis/  have been purged, triggered by action: edit_terms 
[2025-04-03 07:55:32 : INFO] - Cache for associated posts for term with URL: https://saridis.local/brand/onasis/ have been purged, triggered by action: edit_terms 
[2025-04-03 07:56:03 : INFO] - Cache for term page with URL: https://saridis.local/brand/papadopoulou/  have been purged, triggered by action: edit_terms 
[2025-04-03 07:56:03 : INFO] - Cache for associated posts for term with URL: https://saridis.local/brand/papadopoulou/ have been purged, triggered by action: edit_terms 
[2025-04-03 08:27:16 : INFO] - Cache for multiple term taxonomy have been purged due to post terms update, triggered by action: set_object_terms 
[2025-04-03 08:27:16 : INFO] - Cache for multiple term taxonomy have been purged due to post terms update, triggered by action: set_object_terms 
[2025-04-03 08:27:17 : INFO] - Cache for URL: https://saridis.local/catalog/priprava-oregano-hlopya/ has been purged, triggered by action: save_post 
[2025-04-03 08:27:17 : INFO] - Cache for multiple term taxonomy have been purged due to post terms update, triggered by action: set_object_terms 
[2025-04-03 08:27:17 : INFO] - Cache for multiple term taxonomy have been purged due to post terms update, triggered by action: set_object_terms 
[2025-04-03 08:27:18 : INFO] - Cache for URL: https://saridis.local/catalog/priprava-kurkuma-molotaya/ has been purged, triggered by action: save_post 
[2025-04-03 08:27:18 : INFO] - Cache for multiple term taxonomy have been purged due to post terms update, triggered by action: set_object_terms 
[2025-04-03 08:27:18 : INFO] - Cache for multiple term taxonomy have been purged due to post terms update, triggered by action: set_object_terms 
[2025-04-03 08:27:19 : INFO] - Cache for URL: https://saridis.local/catalog/priprava-timyan-chebrecz-hlopya/ has been purged, triggered by action: save_post 
[2025-04-03 08:27:19 : INFO] - Cache for multiple term taxonomy have been purged due to post terms update, triggered by action: set_object_terms 
[2025-04-03 08:27:19 : INFO] - Cache for multiple term taxonomy have been purged due to post terms update, triggered by action: set_object_terms 
[2025-04-03 08:27:21 : INFO] - Cache for URL: https://saridis.local/catalog/chernyj-perecz-vysshej-kategorii-molotyj/ has been purged, triggered by action: save_post 
[2025-04-03 08:27:21 : INFO] - Cache for multiple term taxonomy have been purged due to post terms update, triggered by action: set_object_terms 
[2025-04-03 08:27:21 : INFO] - Cache for multiple term taxonomy have been purged due to post terms update, triggered by action: set_object_terms 
[2025-04-03 08:27:22 : INFO] - Cache for URL: https://saridis.local/catalog/krasnyj-ostryj-perecz-bukovo-hlopya/ has been purged, triggered by action: save_post 
[2025-04-03 08:27:22 : INFO] - Cache for multiple term taxonomy have been purged due to post terms update, triggered by action: set_object_terms 
[2025-04-03 08:27:22 : INFO] - Cache for multiple term taxonomy have been purged due to post terms update, triggered by action: set_object_terms 
[2025-04-03 08:27:23 : INFO] - Cache for URL: https://saridis.local/catalog/paprika-vysshej-kategorii-molotaya/ has been purged, triggered by action: save_post 
[2025-04-03 08:27:23 : INFO] - Cache for multiple term taxonomy have been purged due to post terms update, triggered by action: set_object_terms 
[2025-04-03 08:27:23 : INFO] - Cache for multiple term taxonomy have been purged due to post terms update, triggered by action: set_object_terms 
[2025-04-03 08:27:24 : INFO] - Cache for URL: https://saridis.local/catalog/priprava-koriandr-molotyj/ has been purged, triggered by action: save_post 
[2025-04-03 08:27:24 : INFO] - Cache for multiple term taxonomy have been purged due to post terms update, triggered by action: set_object_terms 
[2025-04-03 08:27:24 : INFO] - Cache for multiple term taxonomy have been purged due to post terms update, triggered by action: set_object_terms 
[2025-04-03 08:27:26 : INFO] - Cache for URL: https://saridis.local/catalog/priprava-sumah-vysshej-kategorii/ has been purged, triggered by action: save_post 
[2025-04-03 08:27:26 : INFO] - Cache for multiple term taxonomy have been purged due to post terms update, triggered by action: set_object_terms 
[2025-04-03 08:27:26 : INFO] - Cache for multiple term taxonomy have been purged due to post terms update, triggered by action: set_object_terms 
[2025-04-03 08:27:27 : INFO] - Cache for URL: https://saridis.local/catalog/priprava-myata-vysshej-kategorii-hlopya/ has been purged, triggered by action: save_post 
[2025-04-03 08:27:27 : INFO] - Cache for multiple term taxonomy have been purged due to post terms update, triggered by action: set_object_terms 
[2025-04-03 08:27:27 : INFO] - Cache for multiple term taxonomy have been purged due to post terms update, triggered by action: set_object_terms 
[2025-04-03 08:27:28 : INFO] - Cache for URL: https://saridis.local/catalog/koricza-gold-palochki/ has been purged, triggered by action: save_post 
[2025-04-03 08:27:28 : INFO] - Cache for multiple term taxonomy have been purged due to post terms update, triggered by action: set_object_terms 
[2025-04-03 08:27:29 : INFO] - Cache for URL: https://saridis.local/catalog/priprava-dlya-kuriczy/ has been purged, triggered by action: save_post 
[2025-04-03 08:27:37 : INFO] - Cache for multiple term taxonomy have been purged due to post terms update, triggered by action: set_object_terms 
[2025-04-03 08:27:37 : INFO] - Cache for multiple term taxonomy have been purged due to post terms update, triggered by action: set_object_terms 
[2025-04-03 08:27:38 : INFO] - Cache for URL: https://saridis.local/catalog/kofe-naturalnyj-molotyj/ has been purged, triggered by action: save_post 
[2025-04-03 08:27:38 : INFO] - Cache for multiple term taxonomy have been purged due to post terms update, triggered by action: set_object_terms 
[2025-04-03 08:27:38 : INFO] - Cache for multiple term taxonomy have been purged due to post terms update, triggered by action: set_object_terms 
[2025-04-03 08:27:39 : INFO] - Cache for URL: https://saridis.local/catalog/kofe-naturalnyj-molotyj-2/ has been purged, triggered by action: save_post 
[2025-04-03 08:27:39 : INFO] - Cache for multiple term taxonomy have been purged due to post terms update, triggered by action: set_object_terms 
[2025-04-03 08:27:39 : INFO] - Cache for multiple term taxonomy have been purged due to post terms update, triggered by action: set_object_terms 
[2025-04-03 08:27:41 : INFO] - Cache for URL: https://saridis.local/catalog/kofe-naturalnyj-molotyj-3/ has been purged, triggered by action: save_post 
[2025-04-03 08:27:41 : INFO] - Cache for multiple term taxonomy have been purged due to post terms update, triggered by action: set_object_terms 
[2025-04-03 08:27:41 : INFO] - Cache for multiple term taxonomy have been purged due to post terms update, triggered by action: set_object_terms 
[2025-04-03 08:27:42 : INFO] - Cache for URL: https://saridis.local/catalog/kofe-naturalnyj-molotyj-mel-cafe/ has been purged, triggered by action: save_post 
[2025-04-03 08:27:42 : INFO] - Cache for multiple term taxonomy have been purged due to post terms update, triggered by action: set_object_terms 
[2025-04-03 08:27:42 : INFO] - Cache for multiple term taxonomy have been purged due to post terms update, triggered by action: set_object_terms 
[2025-04-03 08:27:43 : INFO] - Cache for URL: https://saridis.local/catalog/kofe-naturalnyj-molotyj-mel-cafe-gold/ has been purged, triggered by action: save_post 
[2025-04-03 08:27:43 : INFO] - Cache for multiple term taxonomy have been purged due to post terms update, triggered by action: set_object_terms 
[2025-04-03 08:27:43 : INFO] - Cache for multiple term taxonomy have been purged due to post terms update, triggered by action: set_object_terms 
[2025-04-03 08:27:44 : INFO] - Cache for URL: https://saridis.local/catalog/kofe-naturalnyj-molotyj-mel-cafe-2/ has been purged, triggered by action: save_post 
[2025-04-03 08:27:44 : INFO] - Cache for multiple term taxonomy have been purged due to post terms update, triggered by action: set_object_terms 
[2025-04-03 08:27:44 : INFO] - Cache for multiple term taxonomy have been purged due to post terms update, triggered by action: set_object_terms 
[2025-04-03 08:27:46 : INFO] - Cache for URL: https://saridis.local/catalog/gornyj-chaj-malotira-saridis/ has been purged, triggered by action: save_post 
[2025-04-03 08:27:55 : INFO] - Cache for multiple term taxonomy have been purged due to post terms update, triggered by action: set_object_terms 
[2025-04-03 08:27:55 : INFO] - Cache for multiple term taxonomy have been purged due to post terms update, triggered by action: set_object_terms 
[2025-04-03 08:27:57 : INFO] - Cache for URL: https://saridis.local/catalog/vafelnye-trubochki-caprice-s-shokoladym-kremom/ has been purged, triggered by action: save_post 
[2025-04-03 08:27:57 : INFO] - Cache for multiple term taxonomy have been purged due to post terms update, triggered by action: set_object_terms 
[2025-04-03 08:27:57 : INFO] - Cache for multiple term taxonomy have been purged due to post terms update, triggered by action: set_object_terms 
[2025-04-03 08:27:58 : INFO] - Cache for URL: https://saridis.local/catalog/shokoladnaya-pasta-melinda/ has been purged, triggered by action: save_post 
[2025-04-03 08:27:58 : INFO] - Cache for multiple term taxonomy have been purged due to post terms update, triggered by action: set_object_terms 
[2025-04-03 08:27:58 : INFO] - Cache for multiple term taxonomy have been purged due to post terms update, triggered by action: set_object_terms 
[2025-04-03 08:27:59 : INFO] - Cache for URL: https://saridis.local/catalog/shokoladnaya-pasta-melinda-2/ has been purged, triggered by action: save_post 
[2025-04-03 08:28:10 : INFO] - Cache for multiple term taxonomy have been purged due to post terms update, triggered by action: set_object_terms 
[2025-04-03 08:28:10 : INFO] - Cache for multiple term taxonomy have been purged due to post terms update, triggered by action: set_object_terms 
[2025-04-03 08:28:11 : INFO] - Cache for URL: https://saridis.local/catalog/makaronnye-izdeliya-spiral-ellinikos-sitos/ has been purged, triggered by action: save_post 
[2025-04-03 08:28:11 : INFO] - Cache for multiple term taxonomy have been purged due to post terms update, triggered by action: set_object_terms 
[2025-04-03 08:28:11 : INFO] - Cache for multiple term taxonomy have been purged due to post terms update, triggered by action: set_object_terms 
[2025-04-03 08:28:13 : INFO] - Cache for URL: https://saridis.local/catalog/makaronnye-izdeliya-orzo-ellinikos-sitos/ has been purged, triggered by action: save_post 
[2025-04-03 08:28:13 : INFO] - Cache for multiple term taxonomy have been purged due to post terms update, triggered by action: set_object_terms 
[2025-04-03 08:28:13 : INFO] - Cache for multiple term taxonomy have been purged due to post terms update, triggered by action: set_object_terms 
[2025-04-03 08:28:14 : INFO] - Cache for URL: https://saridis.local/catalog/makaronye-izdeliya-bucatini-%e2%84%962-ellinikos-sitos/ has been purged, triggered by action: save_post 
[2025-04-03 08:28:14 : INFO] - Cache for multiple term taxonomy have been purged due to post terms update, triggered by action: set_object_terms 
[2025-04-03 08:28:14 : INFO] - Cache for multiple term taxonomy have been purged due to post terms update, triggered by action: set_object_terms 
[2025-04-03 08:28:15 : INFO] - Cache for URL: https://saridis.local/catalog/makaronye-izdeliya-spaghettini-%e2%84%9610-ellinikos-sitos/ has been purged, triggered by action: save_post 
[2025-04-03 08:28:15 : INFO] - Cache for multiple term taxonomy have been purged due to post terms update, triggered by action: set_object_terms 
[2025-04-03 08:28:15 : INFO] - Cache for multiple term taxonomy have been purged due to post terms update, triggered by action: set_object_terms 
[2025-04-03 08:28:16 : INFO] - Cache for URL: https://saridis.local/catalog/makaronye-izdeliya-spaghettini-%e2%84%966-ellinikos-sitos/ has been purged, triggered by action: save_post 
[2025-04-03 08:28:16 : INFO] - Cache for multiple term taxonomy have been purged due to post terms update, triggered by action: set_object_terms 
[2025-04-03 08:28:16 : INFO] - Cache for multiple term taxonomy have been purged due to post terms update, triggered by action: set_object_terms 
[2025-04-03 08:28:18 : INFO] - Cache for URL: https://saridis.local/catalog/makaronye-izdeliya-spaghettini-%e2%84%966-ellinikos-sitos-iz-czelnozernovoj-muki/ has been purged, triggered by action: save_post 
[2025-04-03 08:28:18 : INFO] - Cache for multiple term taxonomy have been purged due to post terms update, triggered by action: set_object_terms 
[2025-04-03 08:28:18 : INFO] - Cache for multiple term taxonomy have been purged due to post terms update, triggered by action: set_object_terms 
[2025-04-03 08:28:19 : INFO] - Cache for URL: https://saridis.local/catalog/makaronnye-izdeliya-penne-ellinikos-sitos/ has been purged, triggered by action: save_post 
[2025-04-03 08:28:19 : INFO] - Cache for multiple term taxonomy have been purged due to post terms update, triggered by action: set_object_terms 
[2025-04-03 08:28:19 : INFO] - Cache for multiple term taxonomy have been purged due to post terms update, triggered by action: set_object_terms 
[2025-04-03 08:28:20 : INFO] - Cache for URL: https://saridis.local/catalog/makaronnye-izdeliya-ditalini-ellinikos-sitos/ has been purged, triggered by action: save_post 
[2025-04-03 08:28:24 : INFO] - Cache for multiple term taxonomy have been purged due to post terms update, triggered by action: set_object_terms 
[2025-04-03 08:28:24 : INFO] - Cache for multiple term taxonomy have been purged due to post terms update, triggered by action: set_object_terms 
[2025-04-03 08:28:25 : INFO] - Cache for URL: https://saridis.local/catalog/vyalenye-tomaty-v-rastitelnom-masle-so-specziyami/ has been purged, triggered by action: save_post 
[2025-04-03 08:28:25 : INFO] - Cache for multiple term taxonomy have been purged due to post terms update, triggered by action: set_object_terms 
[2025-04-03 08:28:25 : INFO] - Cache for multiple term taxonomy have been purged due to post terms update, triggered by action: set_object_terms 
[2025-04-03 08:28:26 : INFO] - Cache for URL: https://saridis.local/catalog/vyalenye-tomaty-v-rastitelnom-masle-so-specziyami-2/ has been purged, triggered by action: save_post 
[2025-04-03 08:28:26 : INFO] - Cache for multiple term taxonomy have been purged due to post terms update, triggered by action: set_object_terms 
[2025-04-03 08:28:26 : INFO] - Cache for multiple term taxonomy have been purged due to post terms update, triggered by action: set_object_terms 
[2025-04-03 08:28:28 : INFO] - Cache for URL: https://saridis.local/catalog/vyalenye-tomaty-v-rastitelnom-masle-so-specziyami-3/ has been purged, triggered by action: save_post 
[2025-04-03 08:28:28 : INFO] - Cache for multiple term taxonomy have been purged due to post terms update, triggered by action: set_object_terms 
[2025-04-03 08:28:28 : INFO] - Cache for multiple term taxonomy have been purged due to post terms update, triggered by action: set_object_terms 
[2025-04-03 08:28:29 : INFO] - Cache for URL: https://saridis.local/catalog/baklazhany-pechenye-v-tomatnom-souse/ has been purged, triggered by action: save_post 
[2025-04-03 08:28:29 : INFO] - Cache for multiple term taxonomy have been purged due to post terms update, triggered by action: set_object_terms 
[2025-04-03 08:28:29 : INFO] - Cache for multiple term taxonomy have been purged due to post terms update, triggered by action: set_object_terms 
[2025-04-03 08:28:30 : INFO] - Cache for URL: https://saridis.local/catalog/baklazhany-pechenye-pashtet-dlya-melidzanosalata/ has been purged, triggered by action: save_post 
[2025-04-03 08:28:30 : INFO] - Cache for multiple term taxonomy have been purged due to post terms update, triggered by action: set_object_terms 
[2025-04-03 08:28:30 : INFO] - Cache for multiple term taxonomy have been purged due to post terms update, triggered by action: set_object_terms 
[2025-04-03 08:28:31 : INFO] - Cache for URL: https://saridis.local/catalog/fasol-pechenaya-v-tomatnom-souse/ has been purged, triggered by action: save_post 
[2025-04-03 08:28:31 : INFO] - Cache for multiple term taxonomy have been purged due to post terms update, triggered by action: set_object_terms 
[2025-04-03 08:28:31 : INFO] - Cache for multiple term taxonomy have been purged due to post terms update, triggered by action: set_object_terms 
[2025-04-03 08:28:32 : INFO] - Cache for URL: https://saridis.local/catalog/fasol-pechenaya-v-tomatnom-souse-2/ has been purged, triggered by action: save_post 
[2025-04-03 08:28:32 : INFO] - Cache for multiple term taxonomy have been purged due to post terms update, triggered by action: set_object_terms 
[2025-04-03 08:28:32 : INFO] - Cache for multiple term taxonomy have been purged due to post terms update, triggered by action: set_object_terms 
[2025-04-03 08:28:34 : INFO] - Cache for URL: https://saridis.local/catalog/perecz-cherry-krasnyj-18kg/ has been purged, triggered by action: save_post 
[2025-04-03 08:28:34 : INFO] - Cache for multiple term taxonomy have been purged due to post terms update, triggered by action: set_object_terms 
[2025-04-03 08:28:34 : INFO] - Cache for multiple term taxonomy have been purged due to post terms update, triggered by action: set_object_terms 
[2025-04-03 08:28:35 : INFO] - Cache for URL: https://saridis.local/catalog/perecz-cherry-zheltyj-18kg/ has been purged, triggered by action: save_post 
[2025-04-03 08:28:35 : INFO] - Cache for multiple term taxonomy have been purged due to post terms update, triggered by action: set_object_terms 
[2025-04-03 08:28:35 : INFO] - Cache for multiple term taxonomy have been purged due to post terms update, triggered by action: set_object_terms 
[2025-04-03 08:28:36 : INFO] - Cache for URL: https://saridis.local/catalog/perecz-cherry-zelenyj-18kg/ has been purged, triggered by action: save_post 
[2025-04-03 08:28:36 : INFO] - Cache for multiple term taxonomy have been purged due to post terms update, triggered by action: set_object_terms 
[2025-04-03 08:28:36 : INFO] - Cache for multiple term taxonomy have been purged due to post terms update, triggered by action: set_object_terms 
[2025-04-03 08:28:37 : INFO] - Cache for URL: https://saridis.local/catalog/perecz-zolotistyj-marinovanyj-makedoniko-25kg/ has been purged, triggered by action: save_post 
[2025-04-03 08:28:37 : INFO] - Cache for multiple term taxonomy have been purged due to post terms update, triggered by action: set_object_terms 
[2025-04-03 08:28:37 : INFO] - Cache for multiple term taxonomy have been purged due to post terms update, triggered by action: set_object_terms 
[2025-04-03 08:28:38 : INFO] - Cache for URL: https://saridis.local/catalog/perecz-zolotistyj-marinovanyj-makedoniko-7kg/ has been purged, triggered by action: save_post 
[2025-04-03 08:28:38 : INFO] - Cache for multiple term taxonomy have been purged due to post terms update, triggered by action: set_object_terms 
[2025-04-03 08:28:38 : INFO] - Cache for multiple term taxonomy have been purged due to post terms update, triggered by action: set_object_terms 
[2025-04-03 08:28:40 : INFO] - Cache for URL: https://saridis.local/catalog/perecz-zolotistyj-marinovanyj-makedoniko/ has been purged, triggered by action: save_post 
[2025-04-03 08:28:40 : INFO] - Cache for multiple term taxonomy have been purged due to post terms update, triggered by action: set_object_terms 
[2025-04-03 08:28:40 : INFO] - Cache for multiple term taxonomy have been purged due to post terms update, triggered by action: set_object_terms 
[2025-04-03 08:28:41 : INFO] - Cache for URL: https://saridis.local/catalog/perecz-zapechennyj-krasnyj-buono-350gr/ has been purged, triggered by action: save_post 
[2025-04-03 08:28:41 : INFO] - Cache for multiple term taxonomy have been purged due to post terms update, triggered by action: set_object_terms 
[2025-04-03 08:28:41 : INFO] - Cache for multiple term taxonomy have been purged due to post terms update, triggered by action: set_object_terms 
[2025-04-03 08:28:42 : INFO] - Cache for URL: https://saridis.local/catalog/perecz-zapechennyj-krasnyj-i-zheltyj-buono-350gr-st-b/ has been purged, triggered by action: save_post 
[2025-04-03 08:28:46 : INFO] - Cache for multiple term taxonomy have been purged due to post terms update, triggered by action: set_object_terms 
[2025-04-03 08:28:46 : INFO] - Cache for multiple term taxonomy have been purged due to post terms update, triggered by action: set_object_terms 
[2025-04-03 08:28:47 : INFO] - Cache for URL: https://saridis.local/catalog/masliny-s-kostochkoj-v-rassole-atlas-70-90/ has been purged, triggered by action: save_post 
[2025-04-03 08:28:47 : INFO] - Cache for multiple term taxonomy have been purged due to post terms update, triggered by action: set_object_terms 
[2025-04-03 08:28:47 : INFO] - Cache for multiple term taxonomy have been purged due to post terms update, triggered by action: set_object_terms 
[2025-04-03 08:28:48 : INFO] - Cache for URL: https://saridis.local/catalog/masliny-s-kostochkoj-v-rassole-super-mammouth-91-100/ has been purged, triggered by action: save_post 
[2025-04-03 08:28:48 : INFO] - Cache for multiple term taxonomy have been purged due to post terms update, triggered by action: set_object_terms 
[2025-04-03 08:28:48 : INFO] - Cache for multiple term taxonomy have been purged due to post terms update, triggered by action: set_object_terms 
[2025-04-03 08:28:50 : INFO] - Cache for URL: https://saridis.local/catalog/masliny-s-kostochkoj-v-rassole-super-mammouth-101-110/ has been purged, triggered by action: save_post 
[2025-04-03 08:28:50 : INFO] - Cache for multiple term taxonomy have been purged due to post terms update, triggered by action: set_object_terms 
[2025-04-03 08:28:50 : INFO] - Cache for multiple term taxonomy have been purged due to post terms update, triggered by action: set_object_terms 
[2025-04-03 08:28:51 : INFO] - Cache for URL: https://saridis.local/catalog/masliny-s-kostochkoj-v-rassole-super-mammouth-111-120/ has been purged, triggered by action: save_post 
[2025-04-03 08:28:51 : INFO] - Cache for multiple term taxonomy have been purged due to post terms update, triggered by action: set_object_terms 
[2025-04-03 08:28:51 : INFO] - Cache for multiple term taxonomy have been purged due to post terms update, triggered by action: set_object_terms 
[2025-04-03 08:28:52 : INFO] - Cache for URL: https://saridis.local/catalog/masliny-s-kostochkoj-v-rassole-super-mammouth-101-110-2/ has been purged, triggered by action: save_post 
[2025-04-03 08:28:52 : INFO] - Cache for multiple term taxonomy have been purged due to post terms update, triggered by action: set_object_terms 
[2025-04-03 08:28:52 : INFO] - Cache for multiple term taxonomy have been purged due to post terms update, triggered by action: set_object_terms 
[2025-04-03 08:28:53 : INFO] - Cache for URL: https://saridis.local/catalog/masliny-bez-kostochek-v-rassole-superior-101-110/ has been purged, triggered by action: save_post 
[2025-04-03 08:28:53 : INFO] - Cache for multiple term taxonomy have been purged due to post terms update, triggered by action: set_object_terms 
[2025-04-03 08:28:53 : INFO] - Cache for multiple term taxonomy have been purged due to post terms update, triggered by action: set_object_terms 
[2025-04-03 08:28:55 : INFO] - Cache for URL: https://saridis.local/catalog/olivki-s-kostochkoj-v-rassole-atlas-71-90/ has been purged, triggered by action: save_post 
[2025-04-03 08:28:55 : INFO] - Cache for multiple term taxonomy have been purged due to post terms update, triggered by action: set_object_terms 
[2025-04-03 08:28:55 : INFO] - Cache for multiple term taxonomy have been purged due to post terms update, triggered by action: set_object_terms 
[2025-04-03 08:28:56 : INFO] - Cache for URL: https://saridis.local/catalog/olivki-s-kostochkoj-v-rassole-atlas-101-110/ has been purged, triggered by action: save_post 
[2025-04-03 08:28:56 : INFO] - Cache for multiple term taxonomy have been purged due to post terms update, triggered by action: set_object_terms 
[2025-04-03 08:28:56 : INFO] - Cache for multiple term taxonomy have been purged due to post terms update, triggered by action: set_object_terms 
[2025-04-03 08:28:57 : INFO] - Cache for URL: https://saridis.local/catalog/olivki-bez-kostochek-v-rassole-superior-70-91/ has been purged, triggered by action: save_post 
[2025-04-03 08:28:57 : INFO] - Cache for multiple term taxonomy have been purged due to post terms update, triggered by action: set_object_terms 
[2025-04-03 08:28:57 : INFO] - Cache for multiple term taxonomy have been purged due to post terms update, triggered by action: set_object_terms 
[2025-04-03 08:28:58 : INFO] - Cache for URL: https://saridis.local/catalog/olivki-bez-kostochek-v-rassole-superior-101-110/ has been purged, triggered by action: save_post 
[2025-04-03 08:28:58 : INFO] - Cache for multiple term taxonomy have been purged due to post terms update, triggered by action: set_object_terms 
[2025-04-03 08:28:58 : INFO] - Cache for multiple term taxonomy have been purged due to post terms update, triggered by action: set_object_terms 
[2025-04-03 08:28:59 : INFO] - Cache for URL: https://saridis.local/catalog/olivki-kalamon-s-kostochkoj-v-rassole-extra-jumbo-161-180/ has been purged, triggered by action: save_post 
[2025-04-03 08:28:59 : INFO] - Cache for multiple term taxonomy have been purged due to post terms update, triggered by action: set_object_terms 
[2025-04-03 08:29:00 : INFO] - Cache for multiple term taxonomy have been purged due to post terms update, triggered by action: set_object_terms 
[2025-04-03 08:29:01 : INFO] - Cache for URL: https://saridis.local/catalog/masliny-s-kostochkoj-v-rassole-atlas-70-90-2/ has been purged, triggered by action: save_post 
[2025-04-03 08:29:01 : INFO] - Cache for multiple term taxonomy have been purged due to post terms update, triggered by action: set_object_terms 
[2025-04-03 08:29:01 : INFO] - Cache for multiple term taxonomy have been purged due to post terms update, triggered by action: set_object_terms 
[2025-04-03 08:29:02 : INFO] - Cache for URL: https://saridis.local/catalog/masliny-s-kostochkami-v-rassole-super-mammouth-91-100/ has been purged, triggered by action: save_post 
[2025-04-03 08:29:02 : INFO] - Cache for multiple term taxonomy have been purged due to post terms update, triggered by action: set_object_terms 
[2025-04-03 08:29:02 : INFO] - Cache for multiple term taxonomy have been purged due to post terms update, triggered by action: set_object_terms 
[2025-04-03 08:29:03 : INFO] - Cache for URL: https://saridis.local/catalog/olivki-bez-kostochek-v-rassole-superior-70-91-2/ has been purged, triggered by action: save_post 
[2025-04-03 08:29:03 : INFO] - Cache for multiple term taxonomy have been purged due to post terms update, triggered by action: set_object_terms 
[2025-04-03 08:29:03 : INFO] - Cache for multiple term taxonomy have been purged due to post terms update, triggered by action: set_object_terms 
[2025-04-03 08:29:04 : INFO] - Cache for URL: https://saridis.local/catalog/olivki-s-kostochkoj-v-rassole-atlas-71-90-2/ has been purged, triggered by action: save_post 
[2025-04-03 08:29:04 : INFO] - Cache for multiple term taxonomy have been purged due to post terms update, triggered by action: set_object_terms 
[2025-04-03 08:29:04 : INFO] - Cache for multiple term taxonomy have been purged due to post terms update, triggered by action: set_object_terms 
[2025-04-03 08:29:06 : INFO] - Cache for URL: https://saridis.local/catalog/olivki-s-kostochkoj-v-rassole-atlas-91-100/ has been purged, triggered by action: save_post 
[2025-04-03 08:29:06 : INFO] - Cache for multiple term taxonomy have been purged due to post terms update, triggered by action: set_object_terms 
[2025-04-03 08:29:06 : INFO] - Cache for multiple term taxonomy have been purged due to post terms update, triggered by action: set_object_terms 
[2025-04-03 08:29:07 : INFO] - Cache for URL: https://saridis.local/catalog/olivki-s-mindalem-v-rassole/ has been purged, triggered by action: save_post 
[2025-04-03 08:29:07 : INFO] - Cache for multiple term taxonomy have been purged due to post terms update, triggered by action: set_object_terms 
[2025-04-03 08:29:07 : INFO] - Cache for multiple term taxonomy have been purged due to post terms update, triggered by action: set_object_terms 
[2025-04-03 08:29:08 : INFO] - Cache for URL: https://saridis.local/catalog/olivki-kalamon-s-kostochkoj-v-rassole-extra-jumbo-161-180-2/ has been purged, triggered by action: save_post 
[2025-04-03 08:29:08 : INFO] - Cache for multiple term taxonomy have been purged due to post terms update, triggered by action: set_object_terms 
[2025-04-03 08:29:08 : INFO] - Cache for multiple term taxonomy have been purged due to post terms update, triggered by action: set_object_terms 
[2025-04-03 08:29:09 : INFO] - Cache for URL: https://saridis.local/catalog/olivki-kalamon-s-kostochkoj-v-rassole-jumbo-181-200/ has been purged, triggered by action: save_post 
[2025-04-03 08:29:09 : INFO] - Cache for multiple term taxonomy have been purged due to post terms update, triggered by action: set_object_terms 
[2025-04-03 08:29:09 : INFO] - Cache for multiple term taxonomy have been purged due to post terms update, triggered by action: set_object_terms 
[2025-04-03 08:29:11 : INFO] - Cache for URL: https://saridis.local/catalog/olivki-kalamon-bez-kostochki-v-rassole-jumbo-181-201/ has been purged, triggered by action: save_post 
[2025-04-03 08:29:11 : INFO] - Cache for multiple term taxonomy have been purged due to post terms update, triggered by action: set_object_terms 
[2025-04-03 08:29:11 : INFO] - Cache for multiple term taxonomy have been purged due to post terms update, triggered by action: set_object_terms 
[2025-04-03 08:29:12 : INFO] - Cache for URL: https://saridis.local/catalog/masliny-s-kostochkoj-70-90/ has been purged, triggered by action: save_post 
[2025-04-03 08:29:12 : INFO] - Cache for multiple term taxonomy have been purged due to post terms update, triggered by action: set_object_terms 
[2025-04-03 08:29:12 : INFO] - Cache for multiple term taxonomy have been purged due to post terms update, triggered by action: set_object_terms 
[2025-04-03 08:29:13 : INFO] - Cache for URL: https://saridis.local/catalog/masliny-bez-kostochek-v-rassole-superior-111-120/ has been purged, triggered by action: save_post 
[2025-04-03 08:29:13 : INFO] - Cache for multiple term taxonomy have been purged due to post terms update, triggered by action: set_object_terms 
[2025-04-03 08:29:13 : INFO] - Cache for multiple term taxonomy have been purged due to post terms update, triggered by action: set_object_terms 
[2025-04-03 08:29:14 : INFO] - Cache for URL: https://saridis.local/catalog/olivki-s-kostochkoj-101-110/ has been purged, triggered by action: save_post 
[2025-04-03 08:29:14 : INFO] - Cache for multiple term taxonomy have been purged due to post terms update, triggered by action: set_object_terms 
[2025-04-03 08:29:14 : INFO] - Cache for multiple term taxonomy have been purged due to post terms update, triggered by action: set_object_terms 
[2025-04-03 08:29:15 : INFO] - Cache for URL: https://saridis.local/catalog/olivki-bez-kostochek-v-rassole-mammouth-111-120/ has been purged, triggered by action: save_post 
[2025-04-03 08:29:16 : INFO] - Cache for multiple term taxonomy have been purged due to post terms update, triggered by action: set_object_terms 
[2025-04-03 08:29:16 : INFO] - Cache for multiple term taxonomy have been purged due to post terms update, triggered by action: set_object_terms 
[2025-04-03 08:29:17 : INFO] - Cache for URL: https://saridis.local/catalog/olivki-kalamata-s-kostochkoj-v-rassole-jumbo-181-200/ has been purged, triggered by action: save_post 
[2025-04-03 08:29:17 : INFO] - Cache for multiple term taxonomy have been purged due to post terms update, triggered by action: set_object_terms 
[2025-04-03 08:29:17 : INFO] - Cache for multiple term taxonomy have been purged due to post terms update, triggered by action: set_object_terms 
[2025-04-03 08:29:18 : INFO] - Cache for URL: https://saridis.local/catalog/olivki-zelenye-s-kostochkami-s-mammouth-91-100/ has been purged, triggered by action: save_post 
[2025-04-03 08:29:18 : INFO] - Cache for multiple term taxonomy have been purged due to post terms update, triggered by action: set_object_terms 
[2025-04-03 08:29:18 : INFO] - Cache for multiple term taxonomy have been purged due to post terms update, triggered by action: set_object_terms 
[2025-04-03 08:29:19 : INFO] - Cache for URL: https://saridis.local/catalog/olivki-zelenye-bez-kostocheks-mammouth-91-100/ has been purged, triggered by action: save_post 
[2025-04-03 08:29:19 : INFO] - Cache for multiple term taxonomy have been purged due to post terms update, triggered by action: set_object_terms 
[2025-04-03 08:29:19 : INFO] - Cache for multiple term taxonomy have been purged due to post terms update, triggered by action: set_object_terms 
[2025-04-03 08:29:20 : INFO] - Cache for URL: https://saridis.local/catalog/masliny-s-kostochkoj-s-mammouth-91-100/ has been purged, triggered by action: save_post 
[2025-04-03 08:29:20 : INFO] - Cache for multiple term taxonomy have been purged due to post terms update, triggered by action: set_object_terms 
[2025-04-03 08:29:20 : INFO] - Cache for multiple term taxonomy have been purged due to post terms update, triggered by action: set_object_terms 
[2025-04-03 08:29:21 : INFO] - Cache for URL: https://saridis.local/catalog/masliny-bez-kostochek-s-mammouth-91-100/ has been purged, triggered by action: save_post 
[2025-04-03 08:29:21 : INFO] - Cache for multiple term taxonomy have been purged due to post terms update, triggered by action: set_object_terms 
[2025-04-03 08:29:21 : INFO] - Cache for multiple term taxonomy have been purged due to post terms update, triggered by action: set_object_terms 
[2025-04-03 08:29:23 : INFO] - Cache for URL: https://saridis.local/catalog/olivki-vyalenye-throumba-thassos/ has been purged, triggered by action: save_post 
[2025-04-03 08:29:23 : INFO] - Cache for multiple term taxonomy have been purged due to post terms update, triggered by action: set_object_terms 
[2025-04-03 08:29:23 : INFO] - Cache for multiple term taxonomy have been purged due to post terms update, triggered by action: set_object_terms 
[2025-04-03 08:29:24 : INFO] - Cache for URL: https://saridis.local/catalog/olivki-vyalenye-throumba-thassos-2/ has been purged, triggered by action: save_post 
[2025-04-03 08:29:24 : INFO] - Cache for multiple term taxonomy have been purged due to post terms update, triggered by action: set_object_terms 
[2025-04-03 08:29:24 : INFO] - Cache for multiple term taxonomy have been purged due to post terms update, triggered by action: set_object_terms 
[2025-04-03 08:29:25 : INFO] - Cache for URL: https://saridis.local/catalog/olivki-zelenye-i-olivki-kalamata-s-kostochkoj-mix/ has been purged, triggered by action: save_post 
[2025-04-03 08:29:25 : INFO] - Cache for multiple term taxonomy have been purged due to post terms update, triggered by action: set_object_terms 
[2025-04-03 08:29:25 : INFO] - Cache for multiple term taxonomy have been purged due to post terms update, triggered by action: set_object_terms 
[2025-04-03 08:29:26 : INFO] - Cache for URL: https://saridis.local/catalog/olivki-zelenye-i-olivki-kalamata-s-kostochkoj-mix-2/ has been purged, triggered by action: save_post 
[2025-04-03 08:29:37 : INFO] - Cache for multiple term taxonomy have been purged due to post terms update, triggered by action: set_object_terms 
[2025-04-03 08:29:37 : INFO] - Cache for multiple term taxonomy have been purged due to post terms update, triggered by action: set_object_terms 
[2025-04-03 08:29:39 : INFO] - Cache for URL: https://saridis.local/catalog/maslo-kukuruznoe/ has been purged, triggered by action: save_post 
[2025-04-03 08:29:39 : INFO] - Cache for multiple term taxonomy have been purged due to post terms update, triggered by action: set_object_terms 
[2025-04-03 08:29:39 : INFO] - Cache for multiple term taxonomy have been purged due to post terms update, triggered by action: set_object_terms 
[2025-04-03 08:29:40 : INFO] - Cache for URL: https://saridis.local/catalog/ketchup-bez-sahara-condito-pl-but/ has been purged, triggered by action: save_post 
[2025-04-03 08:29:40 : INFO] - Cache for multiple term taxonomy have been purged due to post terms update, triggered by action: set_object_terms 
[2025-04-03 08:29:40 : INFO] - Cache for multiple term taxonomy have been purged due to post terms update, triggered by action: set_object_terms 
[2025-04-03 08:29:41 : INFO] - Cache for URL: https://saridis.local/catalog/ketchup-so-steviej-condito-pl-but/ has been purged, triggered by action: save_post 
[2025-04-03 08:29:41 : INFO] - Cache for multiple term taxonomy have been purged due to post terms update, triggered by action: set_object_terms 
[2025-04-03 08:29:41 : INFO] - Cache for multiple term taxonomy have been purged due to post terms update, triggered by action: set_object_terms 
[2025-04-03 08:29:42 : INFO] - Cache for URL: https://saridis.local/catalog/gorchicza-myagkaya-mustard-42kg-soft/ has been purged, triggered by action: save_post 
[2025-04-03 08:29:42 : INFO] - Cache for multiple term taxonomy have been purged due to post terms update, triggered by action: set_object_terms 
[2025-04-03 08:29:42 : INFO] - Cache for multiple term taxonomy have been purged due to post terms update, triggered by action: set_object_terms 
[2025-04-03 08:29:43 : INFO] - Cache for URL: https://saridis.local/catalog/gorchicza-myagkaya-mustard-45kg-soft/ has been purged, triggered by action: save_post 
[2025-04-03 08:29:43 : INFO] - Cache for multiple term taxonomy have been purged due to post terms update, triggered by action: set_object_terms 
[2025-04-03 08:29:44 : INFO] - Cache for URL: https://saridis.local/catalog/gorchicza-s-medom/ has been purged, triggered by action: save_post 
[2025-04-03 08:29:44 : INFO] - Cache for multiple term taxonomy have been purged due to post terms update, triggered by action: set_object_terms 
[2025-04-03 08:29:44 : INFO] - Cache for multiple term taxonomy have been purged due to post terms update, triggered by action: set_object_terms 
[2025-04-03 08:29:46 : INFO] - Cache for URL: https://saridis.local/catalog/balzamicheskij-sous-klassicheskij/ has been purged, triggered by action: save_post 
[2025-04-03 08:29:46 : INFO] - Cache for multiple term taxonomy have been purged due to post terms update, triggered by action: set_object_terms 
[2025-04-03 08:29:46 : INFO] - Cache for multiple term taxonomy have been purged due to post terms update, triggered by action: set_object_terms 
[2025-04-03 08:29:47 : INFO] - Cache for URL: https://saridis.local/catalog/belyj-balzamicheskij-sous/ has been purged, triggered by action: save_post 
[2025-04-03 08:29:47 : INFO] - Cache for multiple term taxonomy have been purged due to post terms update, triggered by action: set_object_terms 
[2025-04-03 08:29:47 : INFO] - Cache for multiple term taxonomy have been purged due to post terms update, triggered by action: set_object_terms 
[2025-04-03 08:29:48 : INFO] - Cache for URL: https://saridis.local/catalog/sous-balzamicheskij-s-inzhirom/ has been purged, triggered by action: save_post 
[2025-04-03 08:29:48 : INFO] - Cache for multiple term taxonomy have been purged due to post terms update, triggered by action: set_object_terms 
[2025-04-03 08:29:48 : INFO] - Cache for multiple term taxonomy have been purged due to post terms update, triggered by action: set_object_terms 
[2025-04-03 08:29:49 : INFO] - Cache for URL: https://saridis.local/catalog/balzamicheskij-sous-s-klubnikoj/ has been purged, triggered by action: save_post 
[2025-04-03 08:29:49 : INFO] - Cache for multiple term taxonomy have been purged due to post terms update, triggered by action: set_object_terms 
[2025-04-03 08:29:49 : INFO] - Cache for multiple term taxonomy have been purged due to post terms update, triggered by action: set_object_terms 
[2025-04-03 08:29:51 : INFO] - Cache for URL: https://saridis.local/catalog/sous-balzamicheskij-s-apelsinom/ has been purged, triggered by action: save_post 
[2025-04-03 08:29:51 : INFO] - Cache for multiple term taxonomy have been purged due to post terms update, triggered by action: set_object_terms 
[2025-04-03 08:29:51 : INFO] - Cache for multiple term taxonomy have been purged due to post terms update, triggered by action: set_object_terms 
[2025-04-03 08:29:52 : INFO] - Cache for URL: https://saridis.local/catalog/balzamicheskij-sous-sgranatom/ has been purged, triggered by action: save_post 
[2025-04-03 08:29:52 : INFO] - Cache for multiple term taxonomy have been purged due to post terms update, triggered by action: set_object_terms 
[2025-04-03 08:29:52 : INFO] - Cache for multiple term taxonomy have been purged due to post terms update, triggered by action: set_object_terms 
[2025-04-03 08:29:53 : INFO] - Cache for URL: https://saridis.local/catalog/balzamicheskij-sous-barbekyu/ has been purged, triggered by action: save_post 
[2025-04-03 08:29:53 : INFO] - Cache for multiple term taxonomy have been purged due to post terms update, triggered by action: set_object_terms 
[2025-04-03 08:29:53 : INFO] - Cache for multiple term taxonomy have been purged due to post terms update, triggered by action: set_object_terms 
[2025-04-03 08:29:54 : INFO] - Cache for URL: https://saridis.local/catalog/balzamicheskij-sous-s-lesnymi-yagodami/ has been purged, triggered by action: save_post 
[2025-04-03 08:29:54 : INFO] - Cache for multiple term taxonomy have been purged due to post terms update, triggered by action: set_object_terms 
[2025-04-03 08:29:54 : INFO] - Cache for multiple term taxonomy have been purged due to post terms update, triggered by action: set_object_terms 
[2025-04-03 08:29:55 : INFO] - Cache for URL: https://saridis.local/catalog/balzamicheskij-sous-chili/ has been purged, triggered by action: save_post 
[2025-04-03 08:29:55 : INFO] - Cache for multiple term taxonomy have been purged due to post terms update, triggered by action: set_object_terms 
[2025-04-03 08:29:55 : INFO] - Cache for multiple term taxonomy have been purged due to post terms update, triggered by action: set_object_terms 
[2025-04-03 08:29:56 : INFO] - Cache for URL: https://saridis.local/catalog/balzamicheskij-sous-s-vishnej/ has been purged, triggered by action: save_post 
[2025-04-03 08:29:56 : INFO] - Cache for multiple term taxonomy have been purged due to post terms update, triggered by action: set_object_terms 
[2025-04-03 08:29:56 : INFO] - Cache for multiple term taxonomy have been purged due to post terms update, triggered by action: set_object_terms 
[2025-04-03 08:29:58 : INFO] - Cache for URL: https://saridis.local/catalog/balzamicheskij-sous-s-limonom/ has been purged, triggered by action: save_post 
[2025-04-03 08:29:58 : INFO] - Cache for multiple term taxonomy have been purged due to post terms update, triggered by action: set_object_terms 
[2025-04-03 08:29:58 : INFO] - Cache for multiple term taxonomy have been purged due to post terms update, triggered by action: set_object_terms 
[2025-04-03 08:29:59 : INFO] - Cache for URL: https://saridis.local/catalog/balzamicheskij-sous-s-medom/ has been purged, triggered by action: save_post 
[2025-04-03 08:29:59 : INFO] - Cache for multiple term taxonomy have been purged due to post terms update, triggered by action: set_object_terms 
[2025-04-03 08:29:59 : INFO] - Cache for multiple term taxonomy have been purged due to post terms update, triggered by action: set_object_terms 
[2025-04-03 08:30:00 : INFO] - Cache for URL: https://saridis.local/catalog/balzamicheskij-sous-s-soevym-sousom/ has been purged, triggered by action: save_post 
[2025-04-03 08:30:00 : INFO] - Cache for multiple term taxonomy have been purged due to post terms update, triggered by action: set_object_terms 
[2025-04-03 08:30:00 : INFO] - Cache for multiple term taxonomy have been purged due to post terms update, triggered by action: set_object_terms 
[2025-04-03 08:30:01 : INFO] - Cache for URL: https://saridis.local/catalog/sous-balzamicheskij-sgranatom-bez-sahara/ has been purged, triggered by action: save_post 
[2025-04-03 08:30:01 : INFO] - Cache for multiple term taxonomy have been purged due to post terms update, triggered by action: set_object_terms 
[2025-04-03 08:30:01 : INFO] - Cache for multiple term taxonomy have been purged due to post terms update, triggered by action: set_object_terms 
[2025-04-03 08:30:02 : INFO] - Cache for URL: https://saridis.local/catalog/uksus-vinnyj-krasnyj/ has been purged, triggered by action: save_post 
[2025-04-03 08:30:02 : INFO] - Cache for multiple term taxonomy have been purged due to post terms update, triggered by action: set_object_terms 
[2025-04-03 08:30:02 : INFO] - Cache for multiple term taxonomy have been purged due to post terms update, triggered by action: set_object_terms 
[2025-04-03 08:30:03 : INFO] - Cache for URL: https://saridis.local/catalog/uksus-yablochnyj/ has been purged, triggered by action: save_post 
[2025-04-03 08:30:03 : INFO] - Cache for multiple term taxonomy have been purged due to post terms update, triggered by action: set_object_terms 
[2025-04-03 08:30:05 : INFO] - Cache for URL: https://saridis.local/catalog/sok-limonyj-konczentrat/ has been purged, triggered by action: save_post 
[2025-04-03 08:30:17 : INFO] - Cache for multiple term taxonomy have been purged due to post terms update, triggered by action: set_object_terms 
[2025-04-03 08:30:17 : INFO] - Cache for multiple term taxonomy have been purged due to post terms update, triggered by action: set_object_terms 
[2025-04-03 08:30:18 : INFO] - Cache for URL: https://saridis.local/catalog/olivkovoe-maslo-extra-virgin-latzimas-gold-pdo/ has been purged, triggered by action: save_post 
[2025-04-03 08:30:18 : INFO] - Cache for multiple term taxonomy have been purged due to post terms update, triggered by action: set_object_terms 
[2025-04-03 08:30:18 : INFO] - Cache for multiple term taxonomy have been purged due to post terms update, triggered by action: set_object_terms 
[2025-04-03 08:30:20 : INFO] - Cache for URL: https://saridis.local/catalog/olivkovoe-maslo-extra-virgin-latzimas-gold-pdo-2/ has been purged, triggered by action: save_post 
[2025-04-03 08:30:20 : INFO] - Cache for multiple term taxonomy have been purged due to post terms update, triggered by action: set_object_terms 
[2025-04-03 08:30:20 : INFO] - Cache for multiple term taxonomy have been purged due to post terms update, triggered by action: set_object_terms 
[2025-04-03 08:30:21 : INFO] - Cache for URL: https://saridis.local/catalog/olivkovoe-maslo-extra-virgin-latzimas-pdo/ has been purged, triggered by action: save_post 
[2025-04-03 08:30:21 : INFO] - Cache for multiple term taxonomy have been purged due to post terms update, triggered by action: set_object_terms 
[2025-04-03 08:30:21 : INFO] - Cache for multiple term taxonomy have been purged due to post terms update, triggered by action: set_object_terms 
[2025-04-03 08:30:22 : INFO] - Cache for URL: https://saridis.local/catalog/olivkovoe-maslo-extra-virgin-latzimas-pdo-2/ has been purged, triggered by action: save_post 
[2025-04-03 08:30:22 : INFO] - Cache for multiple term taxonomy have been purged due to post terms update, triggered by action: set_object_terms 
[2025-04-03 08:30:22 : INFO] - Cache for multiple term taxonomy have been purged due to post terms update, triggered by action: set_object_terms 
[2025-04-03 08:30:23 : INFO] - Cache for URL: https://saridis.local/catalog/olivkovoe-maslo-extra-virgin-latzimas-gold-pdo-3/ has been purged, triggered by action: save_post 
[2025-04-03 08:30:23 : INFO] - Cache for multiple term taxonomy have been purged due to post terms update, triggered by action: set_object_terms 
[2025-04-03 08:30:23 : INFO] - Cache for multiple term taxonomy have been purged due to post terms update, triggered by action: set_object_terms 
[2025-04-03 08:30:24 : INFO] - Cache for URL: https://saridis.local/catalog/olivkovoe-maslo-extra-virgin-kalamata-estate-pdo/ has been purged, triggered by action: save_post 
[2025-04-03 08:30:24 : INFO] - Cache for multiple term taxonomy have been purged due to post terms update, triggered by action: set_object_terms 
[2025-04-03 08:30:24 : INFO] - Cache for multiple term taxonomy have been purged due to post terms update, triggered by action: set_object_terms 
[2025-04-03 08:30:25 : INFO] - Cache for URL: https://saridis.local/catalog/olivkovoe-maslo-extra-virgin-kalamata-estate-pdo-2/ has been purged, triggered by action: save_post 
[2025-04-03 08:30:25 : INFO] - Cache for multiple term taxonomy have been purged due to post terms update, triggered by action: set_object_terms 
[2025-04-03 08:30:25 : INFO] - Cache for multiple term taxonomy have been purged due to post terms update, triggered by action: set_object_terms 
[2025-04-03 08:30:27 : INFO] - Cache for URL: https://saridis.local/catalog/olivkovoe-maslo-extra-virgin-kalamata-estate-pdo-3/ has been purged, triggered by action: save_post 
[2025-04-03 08:30:27 : INFO] - Cache for multiple term taxonomy have been purged due to post terms update, triggered by action: set_object_terms 
[2025-04-03 08:30:27 : INFO] - Cache for multiple term taxonomy have been purged due to post terms update, triggered by action: set_object_terms 
[2025-04-03 08:30:28 : INFO] - Cache for URL: https://saridis.local/catalog/olivkovoe-maslo-extra-virgin-kalamata-estate-pdo-4/ has been purged, triggered by action: save_post 
[2025-04-03 08:30:28 : INFO] - Cache for multiple term taxonomy have been purged due to post terms update, triggered by action: set_object_terms 
[2025-04-03 08:30:28 : INFO] - Cache for multiple term taxonomy have been purged due to post terms update, triggered by action: set_object_terms 
[2025-04-03 08:30:29 : INFO] - Cache for URL: https://saridis.local/catalog/olivkovoe-maslo-extra-virgin-saridis-1-l-pdo/ has been purged, triggered by action: save_post 
[2025-04-03 08:30:29 : INFO] - Cache for multiple term taxonomy have been purged due to post terms update, triggered by action: set_object_terms 
[2025-04-03 08:30:29 : INFO] - Cache for multiple term taxonomy have been purged due to post terms update, triggered by action: set_object_terms 
[2025-04-03 08:30:30 : INFO] - Cache for URL: https://saridis.local/catalog/olivkovoe-maslo-extra-virgin-saridis-1-l-pdo-2/ has been purged, triggered by action: save_post 
[2025-04-03 08:30:30 : INFO] - Cache for multiple term taxonomy have been purged due to post terms update, triggered by action: set_object_terms 
[2025-04-03 08:30:30 : INFO] - Cache for multiple term taxonomy have been purged due to post terms update, triggered by action: set_object_terms 
[2025-04-03 08:30:31 : INFO] - Cache for URL: https://saridis.local/catalog/olivkovoe-maslo-extra-virgin-saridis-1-l-pdo-3/ has been purged, triggered by action: save_post 
[2025-04-03 08:30:31 : INFO] - Cache for multiple term taxonomy have been purged due to post terms update, triggered by action: set_object_terms 
[2025-04-03 08:30:31 : INFO] - Cache for multiple term taxonomy have been purged due to post terms update, triggered by action: set_object_terms 
[2025-04-03 08:30:33 : INFO] - Cache for URL: https://saridis.local/catalog/olivkovoe-maslo-extra-virgin-sitia-of-gold-pdo/ has been purged, triggered by action: save_post 
[2025-04-03 08:30:33 : INFO] - Cache for multiple term taxonomy have been purged due to post terms update, triggered by action: set_object_terms 
[2025-04-03 08:30:33 : INFO] - Cache for multiple term taxonomy have been purged due to post terms update, triggered by action: set_object_terms 
[2025-04-03 08:30:34 : INFO] - Cache for URL: https://saridis.local/catalog/olivkovoe-maslo-extra-virgin-sitia-of-gold-pdo-2/ has been purged, triggered by action: save_post 
[2025-04-03 08:30:34 : INFO] - Cache for multiple term taxonomy have been purged due to post terms update, triggered by action: set_object_terms 
[2025-04-03 08:30:34 : INFO] - Cache for multiple term taxonomy have been purged due to post terms update, triggered by action: set_object_terms 
[2025-04-03 08:30:35 : INFO] - Cache for URL: https://saridis.local/catalog/olivkovoe-maslo-extra-virgin-sitia-of-gold-pdo-3/ has been purged, triggered by action: save_post 
[2025-04-03 08:30:35 : INFO] - Cache for multiple term taxonomy have been purged due to post terms update, triggered by action: set_object_terms 
[2025-04-03 08:30:35 : INFO] - Cache for multiple term taxonomy have been purged due to post terms update, triggered by action: set_object_terms 
[2025-04-03 08:30:36 : INFO] - Cache for URL: https://saridis.local/catalog/olivkovoe-maslo-extra-virgin-sitia-of-gold-pdo-4/ has been purged, triggered by action: save_post 
[2025-04-03 08:30:36 : INFO] - Cache for multiple term taxonomy have been purged due to post terms update, triggered by action: set_object_terms 
[2025-04-03 08:30:36 : INFO] - Cache for multiple term taxonomy have been purged due to post terms update, triggered by action: set_object_terms 
[2025-04-03 08:30:37 : INFO] - Cache for URL: https://saridis.local/catalog/olivkovoe-maslo-extra-virgin-mylopotamos-pdo/ has been purged, triggered by action: save_post 
[2025-04-03 08:30:37 : INFO] - Cache for multiple term taxonomy have been purged due to post terms update, triggered by action: set_object_terms 
[2025-04-03 08:30:37 : INFO] - Cache for multiple term taxonomy have been purged due to post terms update, triggered by action: set_object_terms 
[2025-04-03 08:30:38 : INFO] - Cache for URL: https://saridis.local/catalog/maslo-olivkovoe-pomace-saridis/ has been purged, triggered by action: save_post 
[2025-04-03 08:30:38 : INFO] - Cache for multiple term taxonomy have been purged due to post terms update, triggered by action: set_object_terms 
[2025-04-03 08:30:38 : INFO] - Cache for multiple term taxonomy have been purged due to post terms update, triggered by action: set_object_terms 
[2025-04-03 08:30:40 : INFO] - Cache for URL: https://saridis.local/catalog/maslo-olivkovoe-pomace-saridis-2/ has been purged, triggered by action: save_post 
[2025-04-03 08:30:40 : INFO] - Cache for multiple term taxonomy have been purged due to post terms update, triggered by action: set_object_terms 
[2025-04-03 08:30:40 : INFO] - Cache for multiple term taxonomy have been purged due to post terms update, triggered by action: set_object_terms 
[2025-04-03 08:30:41 : INFO] - Cache for URL: https://saridis.local/catalog/maslo-olivkovoe-pomace-saridis-3/ has been purged, triggered by action: save_post 
[2025-04-03 08:30:41 : INFO] - Cache for multiple term taxonomy have been purged due to post terms update, triggered by action: set_object_terms 
[2025-04-03 08:30:41 : INFO] - Cache for multiple term taxonomy have been purged due to post terms update, triggered by action: set_object_terms 
[2025-04-03 08:30:42 : INFO] - Cache for URL: https://saridis.local/catalog/maslo-olivkovoe-pomace-koko/ has been purged, triggered by action: save_post 
[2025-04-03 08:30:42 : INFO] - Cache for multiple term taxonomy have been purged due to post terms update, triggered by action: set_object_terms 
[2025-04-03 08:30:42 : INFO] - Cache for multiple term taxonomy have been purged due to post terms update, triggered by action: set_object_terms 
[2025-04-03 08:30:43 : INFO] - Cache for URL: https://saridis.local/catalog/maslo-olivkovoe-pomace-koko-2/ has been purged, triggered by action: save_post 
[2025-04-03 08:30:43 : INFO] - Cache for multiple term taxonomy have been purged due to post terms update, triggered by action: set_object_terms 
[2025-04-03 08:30:43 : INFO] - Cache for multiple term taxonomy have been purged due to post terms update, triggered by action: set_object_terms 
[2025-04-03 08:30:45 : INFO] - Cache for URL: https://saridis.local/catalog/maslo-olivkovoe-pomace-koko-3/ has been purged, triggered by action: save_post 
